type,rank_group,rank_absolute,domain,title,url,contact_url,hotel_rating,price_level,snippet,address,place_id,phone,main_image,total_photos,category,additional_categories,category_ids,feature_id,cid,latitude,longitude,is_claimed,local_justifications,is_directory_item,rating_rating_type,rating_value,rating_votes_count,rating_rating_max,rating_distribution_1,rating_distribution_2,rating_distribution_3,rating_distribution_4,rating_distribution_5,address_info_borough,address_info_address,address_info_city,address_info_zip,address_info_region,address_info_country_code,work_hours_timetable_sunday,work_hours_timetable_monday,work_hours_timetable_tuesday,work_hours_timetable_wednesday,work_hours_timetable_thursday,work_hours_timetable_friday,work_hours_timetable_saturday,work_hours_current_status,work_hours_timetable,rating,rating_distribution
maps_search,1,1,,Accra High School,,,,,"Kenneth Kaunda Rd, Accra","Kenneth Kaunda Rd, Accra",ChIJI27_m0GZ3w8R9K-mEeF4Ihw,+233302224737,https://lh5.googleusercontent.com/p/AF1QipNYhcgeHj8_NXdCp7jdeSzAzuXS64RfIYmoM996=w408-h306-k-no,102.0,Senior high school,,['senior_high_school'],0xfdf99419bff6e23:0x1c2278e111a6aff4,2027315690329255924,5.5675617,-0.19991779999999998,True,,False,Max5,4.2,162.0,,10.0,4.0,15.0,40.0,93.0,Osu Klottey,Kenneth Kaunda Rd,Accra,,,GH,,"[{'open': {'hour': 8, 'minute': 0}, 'close': {'hour': 17, 'minute': 0}}]","[{'open': {'hour': 8, 'minute': 0}, 'close': {'hour': 17, 'minute': 0}}]","[{'open': {'hour': 8, 'minute': 0}, 'close': {'hour': 17, 'minute': 0}}]","[{'open': {'hour': 8, 'minute': 0}, 'close': {'hour': 17, 'minute': 0}}]","[{'open': {'hour': 8, 'minute': 0}, 'close': {'hour': 17, 'minute': 0}}]",,open,,,
maps_search,2,2,ebenezer-shs.edu.gh,Ebenezer Senior High School,https://ebenezer-shs.edu.gh/,,,,"120 Botoi Shienyo Street, Mpoase, Accra","120 Botoi Shienyo Street, Mpoase, Accra",ChIJ43PnnLqX3w8RJ0pPru8NvoI,+233302986227,https://lh5.googleusercontent.com/p/AF1QipP5dLR3gVbihD1kI-0exZv_bq7mGvUvVITcXjUj=w426-h240-k-no,45.0,Senior high school,['High school'],"['senior_high_school', 'high_school']",0xfdf97ba9ce773e3:0x82be0defae4f4a27,9420982793578433063,5.529950899999999,-0.2715107,False,,False,Max5,4.1,136.0,,10.0,6.0,22.0,19.0,79.0,Ablekuma,"120 Botoi Shienyo Street, Mpoase",Accra,,,GH,,"[{'open': {'hour': 9, 'minute': 0}, 'close': {'hour': 17, 'minute': 0}}]","[{'open': {'hour': 9, 'minute': 0}, 'close': {'hour': 17, 'minute': 0}}]","[{'open': {'hour': 9, 'minute': 0}, 'close': {'hour': 17, 'minute': 0}}]","[{'open': {'hour': 9, 'minute': 0}, 'close': {'hour': 17, 'minute': 0}}]","[{'open': {'hour': 9, 'minute': 0}, 'close': {'hour': 17, 'minute': 0}}]",,open,,,
maps_search,3,3,www.laboneshs.org,Labone Senior High School,https://www.laboneshs.org/,,,,"Josiah Tongoogari Link, Accra","Josiah Tongoogari Link, Accra",ChIJy2Xj-p6a3w8R2ucDV127R08,+233540843351,https://lh5.googleusercontent.com/p/AF1QipNpv1tr2kdAJAwVyQ-f8EGZXifNuhNkhet8UZs7=w408-h271-k-no,55.0,Senior high school,,['senior_high_school'],0xfdf9a9efae365cb:0x4f47bb5d5703e7da,5712740661908989914,5.5644744,-0.17125569999999998,True,,False,Max5,4.4,202.0,,8.0,6.0,18.0,34.0,136.0,Kpeshie,Josiah Tongoogari Link,Accra,,,GH,,"[{'open': {'hour': 7, 'minute': 0}, 'close': {'hour': 18, 'minute': 0}}]","[{'open': {'hour': 7, 'minute': 0}, 'close': {'hour': 18, 'minute': 0}}]","[{'open': {'hour': 7, 'minute': 0}, 'close': {'hour': 18, 'minute': 0}}]","[{'open': {'hour': 7, 'minute': 0}, 'close': {'hour': 18, 'minute': 0}}]","[{'open': {'hour': 7, 'minute': 0}, 'close': {'hour': 18, 'minute': 0}}]","[{'open': {'hour': 8, 'minute': 0}, 'close': {'hour': 17, 'minute': 0}}]",open,,,
maps_search,4,4,www.facebook.com,St. Thomas Aquinas Senior High School,https://www.facebook.com/AquinasOldToms/,,,,"Cantonments Rd, Accra","Cantonments Rd, Accra",ChIJNVIpA5Ca3w8RuY-0rIZLC9w,+233302776801,https://lh5.googleusercontent.com/p/AF1QipPn2czkUAePo4Ww1PqdSuVP4wCmDUKTw77rIYDz=w408-h271-k-no,207.0,Senior high school,['High school'],"['senior_high_school', 'high_school']",0xfdf9a9003295235:0xdc0b4b86acb48fb9,15855849954883178425,5.5733139,-0.1778093,True,,False,Max5,4.6,248.0,,8.0,2.0,8.0,43.0,187.0,Kpeshie,Cantonments Rd,Accra,,,GH,,,,,,,,close,,,
maps_search,5,5,,St. Mary's Senior High School,,,,,"GQPG+8QC, Nii Tackie Owuowuo St, Accra","GQPG+8QC, Nii Tackie Owuowuo St, Accra",ChIJqf6PfsuQ3w8Rrr3sO51s67E,+233302663042,https://lh5.googleusercontent.com/p/AF1QipON4jW7f9DyLdUnOhKfX5O23sZTiKk_tUAb6itE=w426-h240-k-no,55.0,Senior high school,['High school'],"['senior_high_school', 'high_school']",0xfdf90cb7e8ffea9:0xb1eb6c9d3becbdae,12820460186811284910,5.5358215,-0.2231153,False,,False,Max5,4.4,88.0,,1.0,4.0,8.0,18.0,57.0,Ablekuma,"GQPG+8QC, Nii Tackie Owuowuo St",Accra,,,GH,,"[{'open': {'hour': 5, 'minute': 0}, 'close': {'hour': 18, 'minute': 0}}]","[{'open': {'hour': 5, 'minute': 0}, 'close': {'hour': 18, 'minute': 0}}]","[{'open': {'hour': 5, 'minute': 0}, 'close': {'hour': 18, 'minute': 0}}]","[{'open': {'hour': 5, 'minute': 0}, 'close': {'hour': 18, 'minute': 0}}]","[{'open': {'hour': 5, 'minute': 0}, 'close': {'hour': 18, 'minute': 0}}]","[{'open': {'hour': 5, 'minute': 0}, 'close': {'hour': 18, 'minute': 0}}]",open,,,
maps_search,6,6,presetshs.com,Preset Pacesetters Senior High School,https://presetshs.com/,,,,"Firestone, Madina, Accra","Firestone, Madina, Accra",ChIJdYIU-Oyc3w8RQ-hPMHeGjOc,+233246467089,https://lh5.googleusercontent.com/p/AF1QipMSkje_E7ecLY8lVJnBZmW0xQ5m1Ru7bXu_QeFB=w408-h544-k-no,451.0,Senior high school,,['senior_high_school'],0xfdf9cecf8148275:0xe78c8677304fe843,16684858565970618435,5.6695008,-0.1750795,True,,False,Max5,4.4,55.0,,3.0,4.0,2.0,5.0,41.0,,"Firestone, Madina",Accra,,,GH,,"[{'open': {'hour': 7, 'minute': 0}, 'close': {'hour': 17, 'minute': 0}}]","[{'open': {'hour': 7, 'minute': 0}, 'close': {'hour': 17, 'minute': 0}}]","[{'open': {'hour': 7, 'minute': 0}, 'close': {'hour': 17, 'minute': 0}}]","[{'open': {'hour': 7, 'minute': 0}, 'close': {'hour': 17, 'minute': 0}}]","[{'open': {'hour': 7, 'minute': 0}, 'close': {'hour': 17, 'minute': 0}}]","[{'open': {'hour': 7, 'minute': 0}, 'close': {'hour': 17, 'minute': 0}}]",open,,,
maps_search,7,7,,Odorgonno Secondary School,,,,,"Anyaa-Awoshie Rd, Accra","Anyaa-Awoshie Rd, Accra",ChIJFSFSgmiY3w8RjLYpsEDv3Fs,+233244502350,https://lh5.googleusercontent.com/p/AF1QipNwdcwUZZdRIKCwDAMFqGwU4EciS21ryn28Q4lT=w408-h272-k-no,93.0,Senior high school,['High school'],"['senior_high_school', 'high_school']",0xfdf986882522115:0x5bdcef40b029b68c,6619428613440255628,5.5925177,-0.2837203,True,,False,Max5,4.2,292.0,,17.0,7.0,33.0,76.0,159.0,,Anyaa-Awoshie Rd,Accra,,,GH,,,,,,,,close,,,
maps_search,8,8,,O'Reilly Senior High School,,,,,Accra,Accra,ChIJH4M_ZYuE3w8RlOVoYKccXD8,+233208177270,https://lh5.googleusercontent.com/p/AF1QipPRYwmL_RpFC3zzou8dU_7qGYc-lvsUQKkNjmcA=w408-h544-k-no,96.0,Senior high school,['High school'],"['senior_high_school', 'high_school']",0xfdf848b653f831f:0x3f5c1ca76068e594,4565555627449443732,5.6267727999999995,-0.1163636,True,,False,Max5,4.3,99.0,,7.0,1.0,12.0,17.0,62.0,Kpeshie,,Accra,,,GH,,"[{'open': {'hour': 0, 'minute': 0}, 'close': {'hour': 0, 'minute': 0}}]","[{'open': {'hour': 0, 'minute': 0}, 'close': {'hour': 0, 'minute': 0}}]","[{'open': {'hour': 0, 'minute': 0}, 'close': {'hour': 0, 'minute': 0}}]","[{'open': {'hour': 0, 'minute': 0}, 'close': {'hour': 0, 'minute': 0}}]","[{'open': {'hour': 0, 'minute': 0}, 'close': {'hour': 0, 'minute': 0}}]",,open,,,
maps_search,9,9,,Accra Girls Senior High School,,,,,"Olusegun Obasanjo Wy, Accra","Olusegun Obasanjo Wy, Accra",ChIJbRy_FVGa3w8RehWQOdo63qU,+233303942281,https://lh5.googleusercontent.com/p/AF1QipMf3nfdTuz2VvGF1p7y_4lk8fcbXY4bpyhgviQv=w426-h240-k-no,114.0,Senior high school,['High school'],"['senior_high_school', 'high_school']",0xfdf9a5115bf1c6d:0xa5de3ada3990157a,11952055170030900602,5.5969834,-0.1929681,True,,False,Max5,4.3,197.0,,8.0,7.0,14.0,54.0,114.0,Ayawaso,Olusegun Obasanjo Wy,Accra,,,GH,"[{'open': {'hour': 8, 'minute': 0}, 'close': {'hour': 17, 'minute': 0}}]","[{'open': {'hour': 8, 'minute': 0}, 'close': {'hour': 17, 'minute': 0}}]","[{'open': {'hour': 8, 'minute': 0}, 'close': {'hour': 17, 'minute': 0}}]","[{'open': {'hour': 8, 'minute': 0}, 'close': {'hour': 17, 'minute': 0}}]","[{'open': {'hour': 8, 'minute': 0}, 'close': {'hour': 17, 'minute': 0}}]","[{'open': {'hour': 8, 'minute': 0}, 'close': {'hour': 17, 'minute': 0}}]","[{'open': {'hour': 8, 'minute': 0}, 'close': {'hour': 17, 'minute': 0}}]",open,,,
maps_search,10,10,,Nungua Senior High School,,,,,Accra,Accra,ChIJh0O9WtOF3w8RQm4yKFRUanA,,https://lh5.googleusercontent.com/p/AF1QipMXlA-E2TfDAKRoCO99n2HFnyQew-XLNmIQXqBm=w426-h240-k-no,284.0,Senior high school,['High school'],"['senior_high_school', 'high_school']",0xfdf85d35abd4387:0x706a545428326e42,8100379600207638082,5.6028215,-0.0796955,True,,False,Max5,4.4,276.0,,9.0,4.0,35.0,54.0,174.0,Kpeshie,,Accra,,,GH,,"[{'open': {'hour': 6, 'minute': 0}, 'close': {'hour': 17, 'minute': 0}}]","[{'open': {'hour': 6, 'minute': 0}, 'close': {'hour': 17, 'minute': 0}}]","[{'open': {'hour': 6, 'minute': 0}, 'close': {'hour': 17, 'minute': 0}}]","[{'open': {'hour': 6, 'minute': 0}, 'close': {'hour': 17, 'minute': 0}}]","[{'open': {'hour': 6, 'minute': 0}, 'close': {'hour': 17, 'minute': 0}}]",,open,,,
maps_search,11,11,,Kinbu Senior High Technical School,,,,,"Kinbu Street, Accra","Kinbu Street, Accra",ChIJ2RsljJeQ3w8ROFpKcEfsu4M,+233303425632,https://lh5.googleusercontent.com/p/AF1QipMiUTzxhiKPy_IdgqaEYfVPqlwBmEFN8p3UBL1d=w426-h240-k-no,99.0,Senior high school,,['senior_high_school'],0xfdf90978c251bd9:0x83bbec47704a5a38,9492440431184206392,5.551124499999999,-0.2045363,True,,False,Max5,4.1,83.0,,6.0,5.0,7.0,20.0,45.0,Osu Klottey,Kinbu Street,Accra,,,GH,,"[{'open': {'hour': 7, 'minute': 0}, 'close': {'hour': 17, 'minute': 0}}]","[{'open': {'hour': 7, 'minute': 0}, 'close': {'hour': 17, 'minute': 0}}]","[{'open': {'hour': 7, 'minute': 0}, 'close': {'hour': 17, 'minute': 0}}]","[{'open': {'hour': 7, 'minute': 0}, 'close': {'hour': 17, 'minute': 0}}]","[{'open': {'hour': 7, 'minute': 0}, 'close': {'hour': 17, 'minute': 0}}]",,open,,,
maps_search,12,12,,Accra Academy,,,,,"Dr. Busia Hwy, Accra","Dr. Busia Hwy, Accra",ChIJ____P8KZ3w8RBRGuir-ce2Q,+233302221721,https://lh5.googleusercontent.com/p/AF1QipMwGXrQ5kiN9XQPSSn0CPwr5CH14L1Sv7oqN7-i=w408-h306-k-no,376.0,Senior high school,"['High school', 'School']","['senior_high_school', 'high_school', 'school']",0xfdf99c23fffffff:0x647b9cbf8aae1105,7240553172407554309,5.5715232,-0.24381719999999998,True,,False,Max5,4.5,435.0,,23.0,6.0,22.0,64.0,320.0,Okaikoi South,Dr. Busia Hwy,Accra,,,GH,,"[{'open': {'hour': 7, 'minute': 0}, 'close': {'hour': 15, 'minute': 30}}]","[{'open': {'hour': 7, 'minute': 0}, 'close': {'hour': 15, 'minute': 30}}]","[{'open': {'hour': 7, 'minute': 0}, 'close': {'hour': 15, 'minute': 30}}]","[{'open': {'hour': 7, 'minute': 0}, 'close': {'hour': 15, 'minute': 30}}]","[{'open': {'hour': 7, 'minute': 0}, 'close': {'hour': 15, 'minute': 30}}]",,open,,,
maps_search,13,13,,Accra Wesley Girls' High School,,,,,"Near Thomas Clegg Methodist Church, Accra","Near Thomas Clegg Methodist Church, Accra",ChIJOaSqtl2Z3w8R4QvTdVkY-rM,+233302243639,https://lh5.googleusercontent.com/p/AF1QipPhgf458ElWD-Y-jCc88RvZurjWL2SsuB64ENlI=w408-h306-k-no,75.0,Senior high school,,['senior_high_school'],0xfdf995db6aaa439:0xb3fa185975d30be1,12968704849474685921,5.5672444,-0.2302912,True,,False,Max5,4.0,30.0,,3.0,2.0,3.0,5.0,17.0,Okaikoi South,Near Thomas Clegg Methodist Church,Accra,,,GH,,"[{'open': {'hour': 7, 'minute': 0}, 'close': {'hour': 16, 'minute': 0}}]","[{'open': {'hour': 7, 'minute': 0}, 'close': {'hour': 16, 'minute': 0}}]","[{'open': {'hour': 7, 'minute': 0}, 'close': {'hour': 16, 'minute': 0}}]","[{'open': {'hour': 7, 'minute': 0}, 'close': {'hour': 16, 'minute': 0}}]","[{'open': {'hour': 7, 'minute': 0}, 'close': {'hour': 16, 'minute': 0}}]",,open,,,
maps_search,14,14,,"Presbyterian Senior High School, Osu",,,,,"HR47+5V7 Eben-ezer Presbyterian Church, Salem Ave, Accra","HR47+5V7 Eben-ezer Presbyterian Church, Salem Ave, Accra",ChIJKRpLU3yQ3w8ReewgMzWj-IY,+233502288449,https://lh5.googleusercontent.com/p/AF1QipNEY1BBk40vSXcH6Uiv-7HwhDR7xESn15K7K-Sk=w408-h306-k-no,20.0,Senior high school,,['senior_high_school'],0xfdf907c534b1a29:0x86f8a3353320ec79,9725702844192975993,5.5554128,-0.1853414,False,,False,Max5,4.4,45.0,,1.0,0.0,8.0,9.0,27.0,Osu Klottey,"HR47+5V7 Eben-ezer Presbyterian Church, Salem Ave",Accra,,,GH,,"[{'open': {'hour': 6, 'minute': 0}, 'close': {'hour': 16, 'minute': 0}}]","[{'open': {'hour': 6, 'minute': 0}, 'close': {'hour': 16, 'minute': 0}}]","[{'open': {'hour': 6, 'minute': 0}, 'close': {'hour': 16, 'minute': 0}}]","[{'open': {'hour': 6, 'minute': 0}, 'close': {'hour': 16, 'minute': 0}}]","[{'open': {'hour': 6, 'minute': 0}, 'close': {'hour': 16, 'minute': 0}}]","[{'open': {'hour': 8, 'minute': 0}, 'close': {'hour': 17, 'minute': 30}}]",open,,,
maps_search,15,15,,La Presbyterian Senior High School,,,,,"HR6Q+PMX, By Pass Rd, Accra","HR6Q+PMX, By Pass Rd, Accra",ChIJM0R5iKea3w8RwgBReHr3MNI,+233307288778,https://lh5.googleusercontent.com/p/AF1QipNh6NNya7fsxB_uzD_XdJZsYgnClpkUHHT_Pbrv=w408-h544-k-no,14.0,Senior high school,,['senior_high_school'],0xfdf9aa788794433:0xd230f77a785100c2,15145877652223623362,5.5618701999999995,-0.160764,False,,False,Max5,3.9,87.0,,7.0,5.0,15.0,22.0,38.0,Kpeshie,"HR6Q+PMX, By Pass Rd",Accra,,,GH,,,,,,,,close,,,
maps_search,16,16,,St Margaret Mary Senior High,,,,,"HP6J+36C, Accra","HP6J+36C, Accra",ChIJZ1zFvIeX3w8Rr-JH0sj1l-8,+233556384254,https://lh5.googleusercontent.com/p/AF1QipPoVuQtdH9TZeM6cRB0njD7o7Py-t4uRe2xMZkz=w408-h306-k-no,13.0,Senior high school,,['senior_high_school'],0xfdf9787bcc55c67:0xef97f5c8d247e2af,17264537939418276527,5.5601878,-0.2694812,False,,False,Max5,4.6,55.0,,1.0,2.0,1.0,11.0,40.0,Ablekuma,HP6J+36C,Accra,,,GH,,,,,,,,close,,,
maps_search,17,17,,Wesley Grammar Senior High School,,,,,"13 Dansoman Rd, Accra","13 Dansoman Rd, Accra",ChIJX1ZR5NKZ3w8R50A4ccd2SuA,+233302301040,https://lh5.googleusercontent.com/p/AF1QipOjl4FTjG1mMmrptIxUkIaZ_Q_wuTXxZLgFZ10E=w408-h278-k-no,63.0,Senior high school,['High school'],"['senior_high_school', 'high_school']",0xfdf99d2e451565f:0xe04a76c7713840e7,16161860811742527719,5.5700180999999995,-0.2604103,False,,False,Max5,4.2,125.0,,12.0,6.0,8.0,20.0,79.0,Ablekuma,13 Dansoman Rd,Accra,,,GH,,"[{'open': {'hour': 6, 'minute': 0}, 'close': {'hour': 18, 'minute': 0}}]","[{'open': {'hour': 6, 'minute': 0}, 'close': {'hour': 18, 'minute': 0}}]","[{'open': {'hour': 6, 'minute': 0}, 'close': {'hour': 18, 'minute': 0}}]","[{'open': {'hour': 6, 'minute': 0}, 'close': {'hour': 18, 'minute': 0}}]","[{'open': {'hour': 6, 'minute': 0}, 'close': {'hour': 18, 'minute': 0}}]","[{'open': {'hour': 6, 'minute': 0}, 'close': {'hour': 18, 'minute': 0}}]",open,,,
maps_search,18,18,www.tinasco.org,"Hudai Tiwnkli International Senior High School, TINASCO",http://www.tinasco.org/,,,,"E Kanda Rd, Accra","E Kanda Rd, Accra",ChIJ76L5kv6b3w8RdNF1VigkVUo,+233202270060,https://lh5.googleusercontent.com/p/AF1QipMtCMUmq5dRyHrwLbtjbm6xCKpOwYZWVPn0jMPP=w426-h240-k-no,31.0,School,,['school'],0xfdf9bfe92f9a2ef:0x4a5524285675d174,5356227087494926708,5.590641499999999,-0.18894619999999998,True,,False,Max5,4.9,16.0,,0.0,0.0,0.0,1.0,15.0,Ayawaso,E Kanda Rd,Accra,,,GH,,,,,,,,close,,,
maps_search,19,19,,Holy Trinity Cathedral Senior High School (HOTCASS)),,,,,"GP 2440, High St, Accra","GP 2440, High St, Accra",ChIJpxSx4r-Q3w8R6DHg5E0jDGA,+233270742862,https://lh5.googleusercontent.com/p/AF1QipMfAf_Iiy68AZdfaGdDk1DZVpiXz5iSpfH2ymAG=w408-h544-k-no,20.0,Senior high school,,['senior_high_school'],0xfdf90bfe2b114a7:0x600c234de4e031e8,6920945544820961768,5.5414297,-0.205838,False,,False,Max5,4.4,22.0,,0.0,2.0,2.0,3.0,15.0,Osu Klottey,"GP 2440, High St",Accra,,,GH,,,,,,,,close,,,
maps_search,20,20,,Dansoman Senior High School,,,,,"last stop, Dansoman estates, Accra","last stop, Dansoman estates, Accra",ChIJEdCSKJeX3w8RFl04jjcYbmA,+233596039633,https://lh5.googleusercontent.com/p/AF1QipNe--qk-9thXZx9TJCIj-UM-npc_56DTY-ZfUL5=w408-h306-k-no,6.0,Senior high school,,['senior_high_school'],0xfdf97972892d011:0x606e18378e385d16,6948517901967580438,5.5427477,-0.2565425,True,,False,Max5,4.0,3.0,,0.0,0.0,1.0,1.0,1.0,Ablekuma,"last stop, Dansoman estates",Accra,,,GH,,"[{'open': {'hour': 7, 'minute': 0}, 'close': {'hour': 17, 'minute': 0}}]","[{'open': {'hour': 7, 'minute': 0}, 'close': {'hour': 17, 'minute': 0}}]","[{'open': {'hour': 7, 'minute': 0}, 'close': {'hour': 17, 'minute': 0}}]","[{'open': {'hour': 7, 'minute': 0}, 'close': {'hour': 17, 'minute': 0}}]","[{'open': {'hour': 7, 'minute': 0}, 'close': {'hour': 17, 'minute': 0}}]",,open,,,
maps_search,21,21,www.hismajestyacademy.com,His Majesty Senior High School,http://www.hismajestyacademy.com/,,,,"Ameo Lake, Accra","Ameo Lake, Accra",ChIJG-RiQrqX3w8RZ3xkfK-QBCI,+233244277107,https://lh5.googleusercontent.com/p/AF1QipNYVu2Tk05zrcv_0HDS8ajVvsgjCNUF2SAzDxlt=w408-h306-k-no,26.0,Middle school,,['middle_school'],0xfdf97ba4262e41b:0x220490af7c647c67,2451243180577029223,5.5497081999999995,-0.2661647,True,,False,Max5,4.0,2.0,,0.0,0.0,1.0,0.0,1.0,Ablekuma,Ameo Lake,Accra,,,GH,,"[{'open': {'hour': 7, 'minute': 0}, 'close': {'hour': 19, 'minute': 0}}]","[{'open': {'hour': 7, 'minute': 0}, 'close': {'hour': 18, 'minute': 0}}]","[{'open': {'hour': 7, 'minute': 0}, 'close': {'hour': 18, 'minute': 0}}]","[{'open': {'hour': 7, 'minute': 0}, 'close': {'hour': 19, 'minute': 0}}]","[{'open': {'hour': 7, 'minute': 0}, 'close': {'hour': 19, 'minute': 0}}]","[{'open': {'hour': 9, 'minute': 0}, 'close': {'hour': 14, 'minute': 0}}]",open,,,
maps_search,22,22,,Dansis Senior High School,,,,,"Near Danwright Pharmacy, Accra","Near Danwright Pharmacy, Accra",ChIJcfd8MWeZ3w8RZQTtpleEt4o,+233244784277,,,Educational institution,,['educational_institution'],0xfdf9967317cf771:0x8ab78457a6ed0465,9995603409969677413,5.5913683,-0.24980899999999998,True,,False,Max5,1.0,1.0,,1.0,0.0,0.0,0.0,0.0,Okaikoi South Sub-Metro,Near Danwright Pharmacy,Accra,,,GH,,"[{'open': {'hour': 8, 'minute': 0}, 'close': {'hour': 17, 'minute': 0}}]","[{'open': {'hour': 8, 'minute': 0}, 'close': {'hour': 17, 'minute': 0}}]","[{'open': {'hour': 8, 'minute': 0}, 'close': {'hour': 17, 'minute': 0}}]","[{'open': {'hour': 8, 'minute': 0}, 'close': {'hour': 17, 'minute': 0}}]","[{'open': {'hour': 8, 'minute': 0}, 'close': {'hour': 17, 'minute': 0}}]",,open,,,
maps_search,23,23,,Jita Senior High School,,,,,"Michel Camp Rd, Accra","Michel Camp Rd, Accra",ChIJQdWpVbqZ3w8RXKYH5OgHT-o,+233275212277,,,Educational institution,,['educational_institution'],0xfdf99ba55a9d541:0xea4f07e8e407a65c,16883722224874792540,5.5913683,-0.24980899999999998,True,,False,,,,,,,,,,Okaikoi South Sub-Metro,Michel Camp Rd,Accra,,,GH,,"[{'open': {'hour': 8, 'minute': 0}, 'close': {'hour': 17, 'minute': 0}}]","[{'open': {'hour': 8, 'minute': 0}, 'close': {'hour': 17, 'minute': 0}}]","[{'open': {'hour': 8, 'minute': 0}, 'close': {'hour': 17, 'minute': 0}}]","[{'open': {'hour': 8, 'minute': 0}, 'close': {'hour': 17, 'minute': 0}}]","[{'open': {'hour': 8, 'minute': 0}, 'close': {'hour': 17, 'minute': 0}}]",,open,,,
maps_search,24,24,,Kaneshie Senior High Technical School,,,,,"Mount Zion St, Accra","Mount Zion St, Accra",ChIJIyaDHt6Z3w8RDTeBg5-lAgM,+233200648567,https://lh5.googleusercontent.com/p/AF1QipOrlNkOpnDx6u-zvyDpW7YMBRSgsqb9YFUul2OE=w408-h544-k-no,34.0,Senior high school,,['senior_high_school'],0xfdf99de1e832623:0x302a59f8381370d,216917836591871757,5.5658066,-0.24328819999999998,True,,False,Max5,4.3,62.0,,3.0,3.0,8.0,9.0,39.0,Ablekuma,Mount Zion St,Accra,,,GH,,"[{'open': {'hour': 8, 'minute': 0}, 'close': {'hour': 17, 'minute': 0}}]","[{'open': {'hour': 8, 'minute': 0}, 'close': {'hour': 17, 'minute': 0}}]","[{'open': {'hour': 8, 'minute': 0}, 'close': {'hour': 17, 'minute': 0}}]","[{'open': {'hour': 8, 'minute': 0}, 'close': {'hour': 17, 'minute': 0}}]","[{'open': {'hour': 8, 'minute': 0}, 'close': {'hour': 16, 'minute': 0}}]",,open,,,
maps_search,25,25,,ST ANDREWS SHS ACCRA-TESHIE,,,,,"EXPLOITS TEMPLE ST GZ-076-5152 Accra (Teshie, Tsui Bleoo Rd","EXPLOITS TEMPLE ST GZ-076-5152 Accra (Teshie, Tsui Bleoo Rd",ChIJp3YLbUSF3w8ReRMO91Fjd_c,+233249832015,https://lh5.googleusercontent.com/p/AF1QipOXeZIE_IYxp4tNd0MSC2SPU9HZBxiBJk6iS6k2=w408-h408-k-no,7.0,High school,,['high_school'],0xfdf85446d0b76a7:0xf7776351f70e1379,17831830453285163897,5.6044282,-0.1142043,True,,False,Max5,3.9,10.0,,2.0,0.0,0.0,3.0,5.0,Kpeshie,"EXPLOITS TEMPLE ST GZ-076-5152 Accra (Teshie, Tsui Bleoo Rd",Accra,,,GH,"[{'open': {'hour': 13, 'minute': 0}, 'close': {'hour': 17, 'minute': 0}}]","[{'open': {'hour': 8, 'minute': 0}, 'close': {'hour': 17, 'minute': 0}}]","[{'open': {'hour': 8, 'minute': 0}, 'close': {'hour': 17, 'minute': 0}}]","[{'open': {'hour': 8, 'minute': 0}, 'close': {'hour': 17, 'minute': 0}}]","[{'open': {'hour': 8, 'minute': 0}, 'close': {'hour': 17, 'minute': 0}}]","[{'open': {'hour': 8, 'minute': 0}, 'close': {'hour': 17, 'minute': 0}}]","[{'open': {'hour': 8, 'minute': 0}, 'close': {'hour': 17, 'minute': 0}}]",open,,,
maps_search,26,26,www.tinasco.org,"Hudai Tiwnkli International Senior High School, TINASCO",http://www.tinasco.org/,,,,"E Kanda Rd, Accra","E Kanda Rd, Accra",ChIJ76L5kv6b3w8RdNF1VigkVUo,+233202270060,https://lh5.googleusercontent.com/p/AF1QipMtCMUmq5dRyHrwLbtjbm6xCKpOwYZWVPn0jMPP=w426-h240-k-no,31.0,School,,['school'],0xfdf9bfe92f9a2ef:0x4a5524285675d174,5356227087494926708,5.590641499999999,-0.18894619999999998,True,,False,Max5,4.9,16.0,,0.0,0.0,0.0,1.0,15.0,Ayawaso,E Kanda Rd,Accra,,,GH,,,,,,,,close,,,
maps_search,27,27,,Holy Trinity Cathedral Senior High School (HOTCASS)),,,,,"GP 2440, High St, Accra","GP 2440, High St, Accra",ChIJpxSx4r-Q3w8R6DHg5E0jDGA,+233270742862,https://lh5.googleusercontent.com/p/AF1QipNkbxO5vhiJAsALv8KqRfHA5l0fonb8w6zSwVah=w408-h544-k-no,20.0,Senior high school,,['senior_high_school'],0xfdf90bfe2b114a7:0x600c234de4e031e8,6920945544820961768,5.5414297,-0.205838,False,,False,Max5,4.4,22.0,,0.0,2.0,2.0,3.0,15.0,Osu Klottey,"GP 2440, High St",Accra,,,GH,,,,,,,,close,,,
maps_search,28,28,,Elim Senior High School,,,,,"Ritz Junction Adenta, Accra","Ritz Junction Adenta, Accra",ChIJ00WZVVSZ3w8RnRm2Fppw-Gw,+233207366748,,,Educational institution,,['educational_institution'],0xfdf9954559945d3:0x6cf8709a16b6199d,7852149757428767133,5.5913683,-0.24980899999999998,True,,False,,,,,,,,,,Okaikoi South Sub-Metro,Ritz Junction Adenta,Accra,,,GH,,"[{'open': {'hour': 8, 'minute': 0}, 'close': {'hour': 17, 'minute': 0}}]","[{'open': {'hour': 8, 'minute': 0}, 'close': {'hour': 17, 'minute': 0}}]","[{'open': {'hour': 8, 'minute': 0}, 'close': {'hour': 17, 'minute': 0}}]","[{'open': {'hour': 8, 'minute': 0}, 'close': {'hour': 17, 'minute': 0}}]","[{'open': {'hour': 8, 'minute': 0}, 'close': {'hour': 17, 'minute': 0}}]",,open,,,
maps_search,29,29,,Presby Senior High School,,,,,Accra,Accra,ChIJnyNdnceZ3w8R1eoAodFdMbg,+233302718099,,,Senior high school,,['senior_high_school'],0xfdf99c79d5d239f:0xb8315dd1a100ead5,13272492731768302293,5.5913683,-0.24980899999999998,True,,False,,,,,,,,,,Okaikoi South Sub-Metro,,Accra,,,GH,,"[{'open': {'hour': 8, 'minute': 0}, 'close': {'hour': 17, 'minute': 0}}]","[{'open': {'hour': 8, 'minute': 0}, 'close': {'hour': 17, 'minute': 0}}]","[{'open': {'hour': 8, 'minute': 0}, 'close': {'hour': 17, 'minute': 0}}]","[{'open': {'hour': 8, 'minute': 0}, 'close': {'hour': 17, 'minute': 0}}]","[{'open': {'hour': 8, 'minute': 0}, 'close': {'hour': 17, 'minute': 0}}]",,open,,,
maps_search,30,30,,Cibusco Senior High School,,,,,"HQMM+33X, Accra","HQMM+33X, Accra",ChIJr_hvMDeb3w8RXV8p7t63YtM,,https://lh5.googleusercontent.com/p/AF1QipNQZipP0GcC5Et9hU_-_Ba87AmLsfkczZTzgDbq=w506-h240-k-no,2.0,Senior high school,,['senior_high_school'],0xfdf9b37306ff8af:0xd362b7deee295f5d,15231939057826750301,5.582726,-0.2172559,False,,False,Max5,4.0,6.0,,1.0,0.0,1.0,0.0,4.0,Ayawaso,HQMM+33X,Accra,,,GH,,"[{'open': {'hour': 8, 'minute': 0}, 'close': {'hour': 4, 'minute': 30}}]","[{'open': {'hour': 8, 'minute': 0}, 'close': {'hour': 4, 'minute': 30}}]","[{'open': {'hour': 8, 'minute': 0}, 'close': {'hour': 4, 'minute': 30}}]","[{'open': {'hour': 8, 'minute': 0}, 'close': {'hour': 4, 'minute': 30}}]","[{'open': {'hour': 8, 'minute': 0}, 'close': {'hour': 4, 'minute': 30}}]",,open,,,
maps_search,31,31,,Action Senior High & Technical School,,,,,"Nikoi Atsen Avenue, Madina","Nikoi Atsen Avenue, Madina",ChIJB_JKar-c3w8RwnIKqIKpSas,+233544099958,https://lh5.googleusercontent.com/p/AF1QipO2-L2-me_gZ_U2rOMPN927WEKMiHiXBcSNG3Yr=w408-h275-k-no,31.0,Senior high school,,['senior_high_school'],0xfdf9cbf6a4af207:0xab49a982a80a72c2,12342582632415654594,5.6681726,-0.1594543,True,,False,Max5,3.9,100.0,,14.0,2.0,15.0,22.0,47.0,,Nikoi Atsen Avenue,Madina,,,GH,,,,,,,,close,,,
maps_search,32,32,,"Salem Senior High School, osu",,,,,Accra,Accra,ChIJNbyqkX-Q3w8RgW_yCQPxQv4,+233249378259,https://lh5.googleusercontent.com/p/AF1QipNMuFP1A-oAESg8EDVF40GnotLiZNSWsXYOtjFM=w408-h306-k-no,7.0,Senior high school,,['senior_high_school'],0xfdf907f91aabc35:0xfe42f10309f26f81,18321471229450678145,5.5608821,-0.1853577,True,,False,Max5,3.8,9.0,,1.0,1.0,1.0,2.0,4.0,Osu Klottey,,Accra,,,GH,,,,,,,,close,,,
maps_search,33,33,lapazshs.edu.gh,(Pigfarm) LAPAZ COMMUNITY SENIOR HIGH SCHOOL - PIGFARM BRANCH,http://lapazshs.edu.gh/,,,,"HRX2+H56, Accra","HRX2+H56, Accra",ChIJzdY7Rveb3w8R0a8-w-u5wqg,,https://lh5.googleusercontent.com/p/AF1QipPc2KTbABtRzrrKQKH93tlDB9dqwSn4e0noVgpF=w408-h270-k-no,4.0,High school,,['high_school'],0xfdf9bf7463bd6cd:0xa8c2b9ebc33eafd1,12160486366097878993,5.598908799999999,-0.19960699999999998,False,,False,Max5,5.0,3.0,,0.0,0.0,0.0,0.0,3.0,Ayawaso,HRX2+H56,Accra,,,GH,,"[{'open': {'hour': 7, 'minute': 30}, 'close': {'hour': 19, 'minute': 30}}]","[{'open': {'hour': 7, 'minute': 30}, 'close': {'hour': 19, 'minute': 30}}]","[{'open': {'hour': 7, 'minute': 30}, 'close': {'hour': 19, 'minute': 30}}]","[{'open': {'hour': 7, 'minute': 30}, 'close': {'hour': 19, 'minute': 30}}]","[{'open': {'hour': 7, 'minute': 30}, 'close': {'hour': 19, 'minute': 30}}]",,open,,,
maps_search,34,34,,Grace Academy Primary Junior and Senior High School,,,,,"Batsonaa Hwy, Accra","Batsonaa Hwy, Accra",ChIJ98dnHD6E3w8RixnU_3txJxw,+233209811086,https://lh5.googleusercontent.com/p/AF1QipNKaWtgpiWPhDZlvWFBLbVUYVwPjvT0oiuKZYy6=w408-h305-k-no,131.0,Elementary school,,['elementary_school'],0xfdf843e1c67c7f7:0x1c27717bffd4198b,2028714934540704139,5.6244124,-0.0895113,True,,False,Max5,4.0,20.0,,2.0,1.0,3.0,3.0,11.0,,Batsonaa Hwy,Accra,,,GH,,"[{'open': {'hour': 7, 'minute': 0}, 'close': {'hour': 17, 'minute': 0}}]","[{'open': {'hour': 7, 'minute': 0}, 'close': {'hour': 17, 'minute': 0}}]","[{'open': {'hour': 7, 'minute': 0}, 'close': {'hour': 17, 'minute': 0}}]","[{'open': {'hour': 7, 'minute': 0}, 'close': {'hour': 17, 'minute': 0}}]","[{'open': {'hour': 7, 'minute': 0}, 'close': {'hour': 17, 'minute': 0}}]",,open,,,
maps_search,35,35,ketashts.com,Keta Senior High School,https://ketashts.com/,,,,Accra,Accra,ChIJlxY82UqZ3w8R8SIt0m5xXaY,+233362642245,https://lh5.googleusercontent.com/p/AF1QipPAlFtOYMSQg0wGbugOC6UmQCns20nsG9oHF__-=w408-h725-k-no,3.0,Educational institution,,['educational_institution'],0xfdf994ad93c1697:0xa65d716ed22d22f1,11987862503916643057,5.5913683,-0.24980899999999998,True,,False,Max5,4.9,7.0,,0.0,0.0,0.0,1.0,6.0,Okaikoi South Sub-Metro,,Accra,,,GH,,"[{'open': {'hour': 8, 'minute': 0}, 'close': {'hour': 17, 'minute': 0}}]","[{'open': {'hour': 8, 'minute': 0}, 'close': {'hour': 17, 'minute': 0}}]","[{'open': {'hour': 8, 'minute': 0}, 'close': {'hour': 17, 'minute': 0}}]","[{'open': {'hour': 8, 'minute': 0}, 'close': {'hour': 17, 'minute': 0}}]","[{'open': {'hour': 8, 'minute': 0}, 'close': {'hour': 17, 'minute': 0}}]",,open,,,
maps_search,36,36,,Dannaks Senior High School,,,,,"HWQ2+823, Accra","HWQ2+823, Accra",ChIJ3xqGhruF3w8RJzkUCae_obA,+233242765137,,,Higher secondary school,,['higher_secondary_school'],0xfdf85bb86861adf:0xb0a1bfa709143927,12727664746058496295,5.5882667999999995,-0.0999579,False,,False,Max5,3.2,6.0,,2.0,0.0,1.0,1.0,2.0,Kpeshie,HWQ2+823,Accra,,,GH,,"[{'open': {'hour': 6, 'minute': 0}, 'close': {'hour': 17, 'minute': 0}}]","[{'open': {'hour': 6, 'minute': 0}, 'close': {'hour': 17, 'minute': 0}}]","[{'open': {'hour': 6, 'minute': 0}, 'close': {'hour': 17, 'minute': 0}}]","[{'open': {'hour': 6, 'minute': 0}, 'close': {'hour': 17, 'minute': 0}}]","[{'open': {'hour': 6, 'minute': 0}, 'close': {'hour': 17, 'minute': 0}}]",,open,,,
maps_search,37,37,,Aburaman Senior High School,,,,,"Abura Dunkwa, Accra","Abura Dunkwa, Accra",ChIJA89wRM2Z3w8Rlnrx6vydMTs,+233243737867,https://lh5.googleusercontent.com/p/AF1QipP_ytky3f13WdBBhEge9LJZhqiOUq6Bs6Ya5VMX=w408-h408-k-no,2.0,Educational institution,,['educational_institution'],0xfdf99cd4470cf03:0x3b319dfceaf17a96,4265364031695583894,5.5913683,-0.24980899999999998,True,,False,Max5,5.0,5.0,,0.0,0.0,0.0,0.0,5.0,Okaikoi South Sub-Metro,Abura Dunkwa,Accra,,,GH,,"[{'open': {'hour': 8, 'minute': 0}, 'close': {'hour': 17, 'minute': 0}}]","[{'open': {'hour': 8, 'minute': 0}, 'close': {'hour': 17, 'minute': 0}}]","[{'open': {'hour': 8, 'minute': 0}, 'close': {'hour': 17, 'minute': 0}}]","[{'open': {'hour': 8, 'minute': 0}, 'close': {'hour': 17, 'minute': 0}}]","[{'open': {'hour': 8, 'minute': 0}, 'close': {'hour': 17, 'minute': 0}}]",,open,,,
maps_search,38,38,,Trinity Senior High School,,,,,"JV9H+989, Accra","JV9H+989, Accra",ChIJg9peHu6E3w8RJ2DYlPwrC9k,,,,School,,['school'],0xfdf84ee1e5eda83:0xd90b2bfc94d86027,15639642494803140647,5.6184191,-0.1216331,False,,False,,,,,,,,,,Kpeshie,JV9H+989,Accra,,,GH,,"[{'open': {'hour': 8, 'minute': 0}, 'close': {'hour': 16, 'minute': 0}}]","[{'open': {'hour': 8, 'minute': 0}, 'close': {'hour': 16, 'minute': 0}}]","[{'open': {'hour': 8, 'minute': 0}, 'close': {'hour': 16, 'minute': 0}}]","[{'open': {'hour': 8, 'minute': 0}, 'close': {'hour': 16, 'minute': 0}}]","[{'open': {'hour': 8, 'minute': 0}, 'close': {'hour': 16, 'minute': 0}}]",,open,,,
maps_search,39,39,,Labone Secondary School,,,,,"No. 9 Ndebaninye, Peter Ala Adjetey Ave, Accra","No. 9 Ndebaninye, Peter Ala Adjetey Ave, Accra",ChIJ9X3jEvSZ3w8R4PkfuL1YIWM,+233302776940,,,Senior high school,,['senior_high_school'],0xfdf99f412e37df5:0x632158bdb81ff9e0,7143088055847483872,5.5913683,-0.24980899999999998,True,,False,,,,,,,,,,Okaikoi South Sub-Metro,"No. 9 Ndebaninye, Peter Ala Adjetey Ave",Accra,,,GH,,"[{'open': {'hour': 8, 'minute': 0}, 'close': {'hour': 17, 'minute': 0}}]","[{'open': {'hour': 8, 'minute': 0}, 'close': {'hour': 17, 'minute': 0}}]","[{'open': {'hour': 8, 'minute': 0}, 'close': {'hour': 17, 'minute': 0}}]","[{'open': {'hour': 8, 'minute': 0}, 'close': {'hour': 17, 'minute': 0}}]","[{'open': {'hour': 8, 'minute': 0}, 'close': {'hour': 17, 'minute': 0}}]",,open,,,
maps_search,40,40,,Our Lady Of Mercy Senior High School,,,,,"Comm 1, Accra","Comm 1, Accra",ChIJG0Ode_iZ3w8RHx4KbgazErY,+233303212316,,,Educational institution,,['educational_institution'],0xfdf99f87b9d431b:0xb612b3066e0a1e1f,13119745504681008671,5.5913683,-0.24980899999999998,True,,False,Max5,5.0,1.0,,0.0,0.0,0.0,0.0,1.0,Okaikoi South Sub-Metro,Comm 1,Accra,,,GH,,"[{'open': {'hour': 8, 'minute': 0}, 'close': {'hour': 17, 'minute': 0}}]","[{'open': {'hour': 8, 'minute': 0}, 'close': {'hour': 17, 'minute': 0}}]","[{'open': {'hour': 8, 'minute': 0}, 'close': {'hour': 17, 'minute': 0}}]","[{'open': {'hour': 8, 'minute': 0}, 'close': {'hour': 17, 'minute': 0}}]","[{'open': {'hour': 8, 'minute': 0}, 'close': {'hour': 17, 'minute': 0}}]",,open,,,
maps_search,41,41,,Holy Spirit Senior High School,,,,,"Near Amasaman Sarpeiman, Accra","Near Amasaman Sarpeiman, Accra",ChIJiTtd-CqZ3w8R944iVz0MLIw,+233242773598,,,Educational institution,,['educational_institution'],0xfdf992af85d3b89:0x8c2c0c3d57228ef7,10100461521879600887,5.5913683,-0.24980899999999998,True,,False,Max5,5.0,1.0,,0.0,0.0,0.0,0.0,1.0,Okaikoi South Sub-Metro,Near Amasaman Sarpeiman,Accra,,,GH,,"[{'open': {'hour': 8, 'minute': 0}, 'close': {'hour': 17, 'minute': 0}}]","[{'open': {'hour': 8, 'minute': 0}, 'close': {'hour': 17, 'minute': 0}}]","[{'open': {'hour': 8, 'minute': 0}, 'close': {'hour': 17, 'minute': 0}}]","[{'open': {'hour': 8, 'minute': 0}, 'close': {'hour': 17, 'minute': 0}}]","[{'open': {'hour': 8, 'minute': 0}, 'close': {'hour': 17, 'minute': 0}}]",,open,,,
maps_search,42,42,,Mamprobi Senior High School,,,,,"GQR4+2QH, Chemu Rd, Accra","GQR4+2QH, Chemu Rd, Accra",ChIJTdYa8D-X3w8RWrZ8d2Ad100,,https://lh5.googleusercontent.com/p/AF1QipM8Jl3vA31CKmWGkLR12-EJlTJ6ypNFd9bJPAqr=w480-h240-k-no,12.0,Senior high school,,['senior_high_school'],0xfdf973ff01ad64d:0x4dd71d60777cb65a,5608984161071969882,5.5400529999999995,-0.24301499999999998,False,,False,Max5,4.5,22.0,,0.0,0.0,3.0,6.0,13.0,Ablekuma,"GQR4+2QH, Chemu Rd",Accra,,,GH,,"[{'open': {'hour': 8, 'minute': 0}, 'close': {'hour': 16, 'minute': 0}}]","[{'open': {'hour': 8, 'minute': 0}, 'close': {'hour': 16, 'minute': 0}}]","[{'open': {'hour': 8, 'minute': 0}, 'close': {'hour': 16, 'minute': 0}}]","[{'open': {'hour': 8, 'minute': 0}, 'close': {'hour': 16, 'minute': 0}}]","[{'open': {'hour': 8, 'minute': 0}, 'close': {'hour': 16, 'minute': 0}}]",,open,,,
maps_search,43,43,,Holy Trinity Secondary School,,,,,"High St, Accra","High St, Accra",ChIJmUTSbBaZ3w8RD1481_37N0g,+233302666420,,,Senior high school,,['senior_high_school'],0xfdf99166cd24499:0x4837fbfdd73c5e0f,5203904962106252815,5.5913683,-0.24980899999999998,True,,False,Max5,5.0,2.0,,0.0,0.0,0.0,0.0,2.0,Okaikoi South Sub-Metro,High St,Accra,,,GH,,"[{'open': {'hour': 8, 'minute': 0}, 'close': {'hour': 17, 'minute': 0}}]","[{'open': {'hour': 8, 'minute': 0}, 'close': {'hour': 17, 'minute': 0}}]","[{'open': {'hour': 8, 'minute': 0}, 'close': {'hour': 17, 'minute': 0}}]","[{'open': {'hour': 8, 'minute': 0}, 'close': {'hour': 17, 'minute': 0}}]","[{'open': {'hour': 8, 'minute': 0}, 'close': {'hour': 17, 'minute': 0}}]",,open,,,
maps_search,44,44,,His Majesty Senior High School,,,,,"Behind Ecobank Dansoman Sahara, Accra","Behind Ecobank Dansoman Sahara, Accra",ChIJV9068HqZ3w8Rabv6w9-n9h4,+233501303395,,,Educational institution,,['educational_institution'],0xfdf997af03add57:0x1ef6a7dfc3fabb69,2231155244916194153,5.5913683,-0.24980899999999998,True,,False,,,,,,,,,,Okaikoi South Sub-Metro,Behind Ecobank Dansoman Sahara,Accra,,,GH,,"[{'open': {'hour': 8, 'minute': 0}, 'close': {'hour': 17, 'minute': 0}}]","[{'open': {'hour': 8, 'minute': 0}, 'close': {'hour': 17, 'minute': 0}}]","[{'open': {'hour': 8, 'minute': 0}, 'close': {'hour': 17, 'minute': 0}}]","[{'open': {'hour': 8, 'minute': 0}, 'close': {'hour': 17, 'minute': 0}}]","[{'open': {'hour': 8, 'minute': 0}, 'close': {'hour': 17, 'minute': 0}}]",,open,,,
maps_search,45,45,,Accra Wesley Girls' High School,,,,,"HQ89+WWR, Nii Lantey Okunka St, Accra","HQ89+WWR, Nii Lantey Okunka St, Accra",ChIJY5SpoEaZ3w8RDaKCHdt8UKk,+233261141418,https://lh5.googleusercontent.com/p/AF1QipPDO_sJiymUOiPfAidxFiKwiXjBqnHz_djh0Jan=w408-h306-k-no,6.0,Educational institution,,['educational_institution'],0xfdf9946a0a99463:0xa9507cdb1d82a20d,12200388671081456141,5.5673544999999995,-0.230229,False,,False,Max5,4.4,27.0,,0.0,1.0,3.0,7.0,16.0,Okaikoi South,"HQ89+WWR, Nii Lantey Okunka St",Accra,,,GH,,,,,,,,close,,,
maps_search,46,46,,Ghanatta Secondary School,,,,,"Dodowa, Accra","Dodowa, Accra",ChIJ-1-dhlmZ3w8RCiEQkdI15gs,+233302767266,,,Senior high school,,['senior_high_school'],0xfdf9959869d5ffb:0xbe635d29110210a,857431957553815818,5.5913683,-0.24980899999999998,True,,False,,,,,,,,,,Okaikoi South Sub-Metro,Dodowa,Accra,,,GH,,"[{'open': {'hour': 8, 'minute': 0}, 'close': {'hour': 17, 'minute': 0}}]","[{'open': {'hour': 8, 'minute': 0}, 'close': {'hour': 17, 'minute': 0}}]","[{'open': {'hour': 8, 'minute': 0}, 'close': {'hour': 17, 'minute': 0}}]","[{'open': {'hour': 8, 'minute': 0}, 'close': {'hour': 17, 'minute': 0}}]","[{'open': {'hour': 8, 'minute': 0}, 'close': {'hour': 17, 'minute': 0}}]",,open,,,
maps_search,47,47,,St. Timothy Senior High School,,,,,Accra,Accra,ChIJMeCtD96E3w8RzbgEl7CLFG4,+233243603192,https://lh5.googleusercontent.com/p/AF1QipNQUxvf4zT-2dOe0n2D6d811joz13266Qe61z8U=w426-h240-k-no,6.0,School,,['school'],0xfdf84de0fade031:0x6e148bb09704b8cd,7932118434270460109,5.608391699999999,-0.1315154,False,,False,,,,,,,,,,Kpeshie,,Accra,,,GH,,"[{'open': {'hour': 7, 'minute': 0}, 'close': {'hour': 16, 'minute': 30}}]","[{'open': {'hour': 7, 'minute': 0}, 'close': {'hour': 16, 'minute': 30}}]","[{'open': {'hour': 7, 'minute': 0}, 'close': {'hour': 16, 'minute': 30}}]","[{'open': {'hour': 7, 'minute': 0}, 'close': {'hour': 16, 'minute': 30}}]","[{'open': {'hour': 7, 'minute': 0}, 'close': {'hour': 16, 'minute': 30}}]",,open,,,
maps_search,48,48,,Assemblies Of God Senior High School,,,,,"Near, Sofoline Interchange, Accra","Near, Sofoline Interchange, Accra",ChIJCVNC2GSZ3w8RqjKy8xGaTWo,+233322028599,,,Educational institution,,['educational_institution'],0xfdf9964d8425309:0x6a4d9a11f3b232aa,7659947943120745130,5.5913683,-0.24980899999999998,True,,False,,,,,,,,,,Okaikoi South Sub-Metro,"Near, Sofoline Interchange",Accra,,,GH,,"[{'open': {'hour': 8, 'minute': 0}, 'close': {'hour': 17, 'minute': 0}}]","[{'open': {'hour': 8, 'minute': 0}, 'close': {'hour': 17, 'minute': 0}}]","[{'open': {'hour': 8, 'minute': 0}, 'close': {'hour': 17, 'minute': 0}}]","[{'open': {'hour': 8, 'minute': 0}, 'close': {'hour': 17, 'minute': 0}}]","[{'open': {'hour': 8, 'minute': 0}, 'close': {'hour': 17, 'minute': 0}}]",,open,,,
maps_search,49,49,,Armed Forces Senior HighTechnical School,,,,,Accra,Accra,ChIJq6qqqtOa3w8RU6Bk2wSCj-Q,+233302781618,https://lh5.googleusercontent.com/p/AF1QipPBEfp2fyaYxHQ4gGqVs3IVCWI0uMbDAWkEjFAG=w427-h240-k-no,110.0,Senior high school,['Middle school'],"['senior_high_school', 'middle_school']",0xfdf9ad3aaaaaaab:0xe48f8204db64a053,16469525319689478227,5.5931989,-0.1587023,True,,False,Max5,4.2,79.0,,8.0,1.0,9.0,14.0,47.0,Kpeshie,,Accra,,,GH,,,,,,,,close,,,
maps_search,50,50,,Fair start International Academy,,,,,"2nd Floor NCR Building, 62 Kwame Nkrumah Ave, Accra","2nd Floor NCR Building, 62 Kwame Nkrumah Ave, Accra",ChIJx5X0w7iR3w8R_3WgzrBXHdg,+233555584431,https://streetviewpixels-pa.googleapis.com/v1/thumbnail?panoid=gJAvjxa_PQFbGoNZUUEW2g&cb_client=search.gws-prod.gps&w=408&h=240&yaw=291.93558&pitch=0&thumbfov=100,2.0,High school,,['high_school'],0xfdf91b8c3f495c7:0xd81d57b0cea075ff,15572699503409526271,5.5573999999999995,-0.21189999999999998,False,,False,Max5,4.0,1.0,,0.0,0.0,0.0,1.0,0.0,Osu Klottey,"2nd Floor NCR Building, 62 Kwame Nkrumah Ave",Accra,,,GH,,"[{'open': {'hour': 8, 'minute': 0}, 'close': {'hour': 7, 'minute': 0}}]","[{'open': {'hour': 8, 'minute': 0}, 'close': {'hour': 7, 'minute': 0}}]","[{'open': {'hour': 8, 'minute': 0}, 'close': {'hour': 7, 'minute': 0}}]","[{'open': {'hour': 8, 'minute': 0}, 'close': {'hour': 7, 'minute': 0}}]","[{'open': {'hour': 8, 'minute': 0}, 'close': {'hour': 7, 'minute': 0}}]",,open,,,
maps_search,51,51,,Achimota Secondary School,,,,,"Achimota, Accra","Achimota, Accra",ChIJA8ExkhmZ3w8R-DuEr_APj9k,,,,Senior high school,,['senior_high_school'],0xfdf99199231c103:0xd98f0ff0af843bf8,15676766354311232504,5.5913683,-0.24980899999999998,True,,False,Max5,4.0,4.0,,1.0,0.0,0.0,0.0,3.0,Okaikoi South Sub-Metro,Achimota,Accra,,,GH,,"[{'open': {'hour': 8, 'minute': 0}, 'close': {'hour': 17, 'minute': 0}}]","[{'open': {'hour': 8, 'minute': 0}, 'close': {'hour': 17, 'minute': 0}}]","[{'open': {'hour': 8, 'minute': 0}, 'close': {'hour': 17, 'minute': 0}}]","[{'open': {'hour': 8, 'minute': 0}, 'close': {'hour': 17, 'minute': 0}}]","[{'open': {'hour': 8, 'minute': 0}, 'close': {'hour': 17, 'minute': 0}}]",,open,,,
maps_search,52,52,,Dansoman Senior High School,,,,,"Plot 1 Galilee Rd, Accra","Plot 1 Galilee Rd, Accra",ChIJ1WyJWG2X3w8R9_LvGYt675U,+233208199650,https://lh5.googleusercontent.com/p/AF1QipMlO3cFNdgi3v-Q6Goinq-DKQeeRDrAE3WpyLXQ=w408-h306-k-no,7.0,Senior high school,,['senior_high_school'],0xfdf976d58896cd5:0x95ef7a8b19eff2f7,10803988768939307767,5.5339247,-0.2701058,True,,False,Max5,3.4,7.0,,1.0,1.0,2.0,0.0,3.0,Ablekuma,Plot 1 Galilee Rd,Accra,,,GH,,,,,,,,close,,,
maps_search,53,53,,MCS International High,,,,,"JRJR+RXF, Accra","JRJR+RXF, Accra",ChIJUS_jEk-b3w8RNXVfRfkDnNY,+233302541429,https://lh5.googleusercontent.com/p/AF1QipNy5KiTWAb_uVIQJnQcJwnz8RUPiJe2YqDPcMIi=w408-h306-k-no,20.0,School,,['school'],0xfdf9b4f12e32f51:0xd69c03f9455f7535,15464239589629064501,5.6320586,-0.1575701,False,,False,Max5,4.0,4.0,,1.0,0.0,0.0,0.0,3.0,Ayawaso,JRJR+RXF,Accra,,,GH,,,,,,,,close,,,
maps_search,54,54,,Teshie Presby SHS,,,,,"HVGV+56R, Accra","HVGV+56R, Accra",ChIJP4s_gHSF3w8RUnzQShtEBAw,,https://lh5.googleusercontent.com/p/AF1QipO_GNZ2qrlS6p-WQlSqzAiZxS5AOTGieeWUE_7F=w426-h240-k-no,9.0,Senior high school,,['senior_high_school'],0xfdf8574803f8b3f:0xc04441b4ad07c52,865891912371960914,5.5754763,-0.10699969999999999,False,,False,Max5,4.5,12.0,,0.0,0.0,0.0,6.0,6.0,Kpeshie,HVGV+56R,Accra,,,GH,,"[{'open': {'hour': 8, 'minute': 0}, 'close': {'hour': 16, 'minute': 0}}]","[{'open': {'hour': 8, 'minute': 0}, 'close': {'hour': 16, 'minute': 0}}]","[{'open': {'hour': 8, 'minute': 0}, 'close': {'hour': 16, 'minute': 0}}]","[{'open': {'hour': 8, 'minute': 0}, 'close': {'hour': 16, 'minute': 0}}]","[{'open': {'hour': 8, 'minute': 0}, 'close': {'hour': 16, 'minute': 0}}]",,open,,,
maps_search,55,55,,Jacob's Preparatory & Junior High School,,,,,"Abeka Rd, Accra","Abeka Rd, Accra",ChIJXbJ5YgqZ3w8RAWGCpUvcGMA,+233243276988,https://lh5.googleusercontent.com/p/AF1QipP1LKqlul0pkm2t9Ih3dA0Mu5JGpiN7VkxEdtzE=w537-h240-k-no,4.0,School,,['school'],0xfdf990a6279b25d:0xc018dc4ba5826101,13842055672180662529,5.6045625,-0.2449375,True,,False,Max5,4.6,9.0,,0.0,0.0,1.0,2.0,6.0,Okaikoi South,Abeka Rd,Accra,,,GH,,"[{'open': {'hour': 7, 'minute': 0}, 'close': {'hour': 17, 'minute': 0}}]","[{'open': {'hour': 7, 'minute': 0}, 'close': {'hour': 17, 'minute': 0}}]","[{'open': {'hour': 7, 'minute': 0}, 'close': {'hour': 17, 'minute': 0}}]","[{'open': {'hour': 7, 'minute': 0}, 'close': {'hour': 17, 'minute': 0}}]","[{'open': {'hour': 7, 'minute': 0}, 'close': {'hour': 17, 'minute': 0}}]",,open,,,
maps_search,56,56,,CHRISTIAN METHODIST SENIOR HIGH SCHOOL,,,,,"GMV9+PW3, New, Aplaku Rd, Accra","GMV9+PW3, New, Aplaku Rd, Accra",ChIJYecQ6SO93w8RHBCpI0SHO8c,+233549176965,https://lh5.googleusercontent.com/p/AF1QipP7OlqHkQnM8-wn54YFQ3FBLymiXnGdxx3eW5w=w426-h240-k-no,27.0,Senior high school,['High school'],"['senior_high_school', 'high_school']",0xfdfbd23e910e761:0xc73b874423a9101c,14356216963899396124,5.5445956,-0.3318889,True,,False,Max5,4.3,55.0,,3.0,1.0,8.0,6.0,37.0,,"GMV9+PW3, New, Aplaku Rd",Accra,,,GH,,"[{'open': {'hour': 6, 'minute': 30}, 'close': {'hour': 14, 'minute': 0}}]","[{'open': {'hour': 6, 'minute': 30}, 'close': {'hour': 14, 'minute': 0}}]","[{'open': {'hour': 6, 'minute': 30}, 'close': {'hour': 14, 'minute': 0}}]","[{'open': {'hour': 6, 'minute': 30}, 'close': {'hour': 14, 'minute': 0}}]","[{'open': {'hour': 6, 'minute': 30}, 'close': {'hour': 14, 'minute': 0}}]",,open,,,
maps_search,57,57,,Islamic Senior High School,,,,,"Wa, Accra","Wa, Accra",ChIJJ3CG_5yZ3w8RQjyScDcc5l8,+233392022646,,,Educational institution,,['educational_institution'],0xfdf999cff867027:0x5fe61c3770923c42,6910241702684015682,5.5913683,-0.24980899999999998,True,,False,Max5,5.0,2.0,,0.0,0.0,0.0,0.0,2.0,Okaikoi South Sub-Metro,Wa,Accra,,,GH,,"[{'open': {'hour': 8, 'minute': 0}, 'close': {'hour': 17, 'minute': 0}}]","[{'open': {'hour': 8, 'minute': 0}, 'close': {'hour': 17, 'minute': 0}}]","[{'open': {'hour': 8, 'minute': 0}, 'close': {'hour': 17, 'minute': 0}}]","[{'open': {'hour': 8, 'minute': 0}, 'close': {'hour': 17, 'minute': 0}}]","[{'open': {'hour': 8, 'minute': 0}, 'close': {'hour': 17, 'minute': 0}}]",,open,,,
maps_search,58,58,,Dominion Senior High School,,,,,"Behind SG-SSB Bank Comm. 2, Accra","Behind SG-SSB Bank Comm. 2, Accra",ChIJOfBK1iaZ3w8RaKJGfdKq9j4,+233275883476,,,Educational institution,,['educational_institution'],0xfdf9926d64af039:0x3ef6aad27d46a268,4537001495643988584,5.5913683,-0.24980899999999998,True,,False,,,,,,,,,,Okaikoi South Sub-Metro,Behind SG-SSB Bank Comm. 2,Accra,,,GH,,"[{'open': {'hour': 8, 'minute': 0}, 'close': {'hour': 17, 'minute': 0}}]","[{'open': {'hour': 8, 'minute': 0}, 'close': {'hour': 17, 'minute': 0}}]","[{'open': {'hour': 8, 'minute': 0}, 'close': {'hour': 17, 'minute': 0}}]","[{'open': {'hour': 8, 'minute': 0}, 'close': {'hour': 17, 'minute': 0}}]","[{'open': {'hour': 8, 'minute': 0}, 'close': {'hour': 17, 'minute': 0}}]",,open,,,
maps_search,59,59,,Perfect senior High School,,,,,"MQ8H+43V, Accra","MQ8H+43V, Accra",ChIJobXccG6d3w8RTMywTedY9eE,,,,School,,['school'],0xfdf9d6e70dcb5a1:0xe1f558e74db0cc4c,16282017778292018252,5.6653521,-0.22232659999999999,False,,False,Max5,4.3,3.0,,0.0,0.0,1.0,0.0,2.0,Dome,MQ8H+43V,Accra,,,GH,,"[{'open': {'hour': 6, 'minute': 30}, 'close': {'hour': 17, 'minute': 0}}]","[{'open': {'hour': 6, 'minute': 30}, 'close': {'hour': 17, 'minute': 0}}]","[{'open': {'hour': 6, 'minute': 30}, 'close': {'hour': 17, 'minute': 0}}]","[{'open': {'hour': 6, 'minute': 30}, 'close': {'hour': 17, 'minute': 0}}]","[{'open': {'hour': 6, 'minute': 30}, 'close': {'hour': 17, 'minute': 0}}]","[{'open': {'hour': 8, 'minute': 30}, 'close': {'hour': 17, 'minute': 0}}]",open,,,
maps_search,60,60,,Mount Hermon Senior High School,,,,,"Apatrapa New Site, Accra","Apatrapa New Site, Accra",ChIJvQRXhoeZ3w8RF8dbiAjcNdA,+233244461281,,,Educational institution,,['educational_institution'],0xfdf9987865704bd:0xd035dc08885bc717,15003139662860240663,5.5913683,-0.24980899999999998,True,,False,,,,,,,,,,Okaikoi South Sub-Metro,Apatrapa New Site,Accra,,,GH,,"[{'open': {'hour': 8, 'minute': 0}, 'close': {'hour': 17, 'minute': 0}}]","[{'open': {'hour': 8, 'minute': 0}, 'close': {'hour': 17, 'minute': 0}}]","[{'open': {'hour': 8, 'minute': 0}, 'close': {'hour': 17, 'minute': 0}}]","[{'open': {'hour': 8, 'minute': 0}, 'close': {'hour': 17, 'minute': 0}}]","[{'open': {'hour': 8, 'minute': 0}, 'close': {'hour': 17, 'minute': 0}}]",,open,,,
maps_search,61,61,,West Africa Senior High School,,,,,"N4 Accra, Adenta Municipality","N4 Accra, Adenta Municipality",ChIJTSJymhOd3w8Roy4FdF3axUs,,https://lh5.googleusercontent.com/p/AF1QipMIxo2ADUKe2RF1-r0x5R_vTiOFmToxVbihVu_F=w408-h306-k-no,56.0,Senior high school,,['senior_high_school'],0xfdf9d139a72224d:0x4bc5da5d74052ea3,5460010218169904803,5.705755,-0.1736636,True,,False,Max5,4.4,88.0,,3.0,5.0,7.0,15.0,58.0,,N4 Accra,Adenta Municipality,,,GH,,"[{'open': {'hour': 0, 'minute': 0}, 'close': {'hour': 0, 'minute': 0}}]","[{'open': {'hour': 0, 'minute': 0}, 'close': {'hour': 0, 'minute': 0}}]","[{'open': {'hour': 0, 'minute': 0}, 'close': {'hour': 0, 'minute': 0}}]","[{'open': {'hour': 0, 'minute': 0}, 'close': {'hour': 0, 'minute': 0}}]","[{'open': {'hour': 0, 'minute': 0}, 'close': {'hour': 0, 'minute': 0}}]","[{'open': {'hour': 8, 'minute': 0}, 'close': {'hour': 16, 'minute': 0}}]",open,,,
maps_search,62,62,,St. Francis Senior High School,,,,,"HQGM+MFC, Accra","HQGM+MFC, Accra",ChIJsVoRPRqa3w8R6p-WErEOplM,+233541660543,https://streetviewpixels-pa.googleapis.com/v1/thumbnail?panoid=MsQaLiY3s0Sp_l2CNrF0bQ&cb_client=search.gws-prod.gps&w=408&h=240&yaw=81.38308&pitch=0&thumbfov=100,2.0,School,,['school'],0xfdf9a1a3d115ab1:0x53a60eb112969fea,6027521304965849066,5.57668,-0.21636139999999998,False,,False,Max5,5.0,2.0,,0.0,0.0,0.0,0.0,2.0,Ayawaso,HQGM+MFC,Accra,,,GH,,,,,,,,close,,,
maps_search,63,63,,St. Francis Xavier Basic&Senior High School,,,,,"HQVW+4Q5, CPT. A.A. Ocloo St, Accra","HQVW+4Q5, CPT. A.A. Ocloo St, Accra",ChIJb3hXehKb3w8Ra-LWYSVcYXU,,https://streetviewpixels-pa.googleapis.com/v1/thumbnail?panoid=qLio36zwMIvjjIHJ1CDuHA&cb_client=search.gws-prod.gps&w=408&h=240&yaw=61.561012&pitch=0&thumbfov=100,1.0,Middle school,,['middle_school'],0xfdf9b127a57786f:0x75615c2561d6e26b,8458142890803520107,5.5927584,-0.20301999999999998,False,,False,Max5,4.7,3.0,,0.0,0.0,0.0,1.0,2.0,Ayawaso,"HQVW+4Q5, CPT. A.A. Ocloo St",Accra,,,GH,,,,,,,,close,,,
maps_search,64,64,,"Canadian Independent College, High School",,,,,"62 Patrice Lumumba St, Accra","62 Patrice Lumumba St, Accra",ChIJpaR-8Nub3w8RgbJqB9W8zQI,,,,Senior high school,,['senior_high_school'],0xfdf9bdbf07ea4a5:0x2cdbcd5076ab281,202025181440029313,5.6100435,-0.18008079999999999,False,,False,Max5,5.0,1.0,,0.0,0.0,0.0,0.0,1.0,Ayawaso,62 Patrice Lumumba St,Accra,,,GH,,,,,,,,close,,,
maps_search,65,65,,Odorgonno Secondary School,,,,,"Awoshie, Accra","Awoshie, Accra",ChIJlfKB-4OZ3w8RXiRoHzAlyBg,+233302911952,,,Senior high school,,['senior_high_school'],0xfdf9983fb81f295:0x18c825301f68245e,1785718140867978334,5.5913683,-0.24980899999999998,True,,False,,,,,,,,,,Okaikoi South Sub-Metro,Awoshie,Accra,,,GH,,"[{'open': {'hour': 8, 'minute': 0}, 'close': {'hour': 17, 'minute': 0}}]","[{'open': {'hour': 8, 'minute': 0}, 'close': {'hour': 17, 'minute': 0}}]","[{'open': {'hour': 8, 'minute': 0}, 'close': {'hour': 17, 'minute': 0}}]","[{'open': {'hour': 8, 'minute': 0}, 'close': {'hour': 17, 'minute': 0}}]","[{'open': {'hour': 8, 'minute': 0}, 'close': {'hour': 17, 'minute': 0}}]",,open,,,
maps_search,66,66,,Adidomen,,,,,"HR53+P28, Accra","HR53+P28, Accra",ChIJeYOBGgCR3w8Rsqkn_MOF8YU,,https://streetviewpixels-pa.googleapis.com/v1/thumbnail?panoid=GsrLGiAo_cbmV_o-duWsCg&cb_client=search.gws-prod.gps&w=408&h=240&yaw=243.65332&pitch=0&thumbfov=100,1.0,High school,,['high_school'],0xfdf91001a818379:0x85f185c3fc27a9b2,9651642553227258290,5.5592846,-0.19743059999999998,False,,False,,,,,,,,,,Osu Klottey,HR53+P28,Accra,,,GH,,,,,,,,close,,,
maps_search,67,67,,Massdon Senior Secondary School,,,,,Accra,Accra,ChIJey3Un2GZ3w8RZmdFsEuMkO0,+233244632074,,,Senior high school,,['senior_high_school'],0xfdf99619fd42d7b:0xed908c4bb0456766,17118336440343029606,5.5913683,-0.24980899999999998,True,,False,,,,,,,,,,Okaikoi South Sub-Metro,,Accra,,,GH,,"[{'open': {'hour': 8, 'minute': 0}, 'close': {'hour': 17, 'minute': 0}}]","[{'open': {'hour': 8, 'minute': 0}, 'close': {'hour': 17, 'minute': 0}}]","[{'open': {'hour': 8, 'minute': 0}, 'close': {'hour': 17, 'minute': 0}}]","[{'open': {'hour': 8, 'minute': 0}, 'close': {'hour': 17, 'minute': 0}}]","[{'open': {'hour': 8, 'minute': 0}, 'close': {'hour': 17, 'minute': 0}}]",,open,,,
maps_search,68,68,,Bole Secondary School,,,,,"Bole Rd. Near Filling Station, Accra","Bole Rd. Near Filling Station, Accra",ChIJfXk52-aZ3w8RaaA7hSa4soU,+233243418437,https://lh5.googleusercontent.com/p/AF1QipPxLYl1wbvc6OJV57NpwQtfag0J81G3_uhUcIIV=w408-h544-k-no,1.0,Senior high school,,['senior_high_school'],0xfdf99e6db39797d:0x85b2b826853ba069,9633965028482457705,5.5913683,-0.24980899999999998,True,,False,,,,,,,,,,Okaikoi South Sub-Metro,Bole Rd. Near Filling Station,Accra,,,GH,,"[{'open': {'hour': 8, 'minute': 0}, 'close': {'hour': 17, 'minute': 0}}]","[{'open': {'hour': 8, 'minute': 0}, 'close': {'hour': 17, 'minute': 0}}]","[{'open': {'hour': 8, 'minute': 0}, 'close': {'hour': 17, 'minute': 0}}]","[{'open': {'hour': 8, 'minute': 0}, 'close': {'hour': 17, 'minute': 0}}]","[{'open': {'hour': 8, 'minute': 0}, 'close': {'hour': 17, 'minute': 0}}]",,open,,,
maps_search,69,69,,Government Technical Institute,,,,,"Nii Teiko Din Rd, Accra","Nii Teiko Din Rd, Accra",ChIJTQT8ROuR3w8ROxANkigtwus,+233246169773,https://lh5.googleusercontent.com/p/AF1QipNPRJnTsGJj1LNqaWVpPYRC5gHdlFzRQ_9LRHc4=w408-h544-k-no,37.0,High school,,['high_school'],0xfdf91eb44fc044d:0xebc22d28920d103b,16988190396667203643,5.5634925,-0.2318211,True,,False,Max5,4.9,10.0,,0.0,0.0,0.0,1.0,9.0,Okaikoi South,Nii Teiko Din Rd,Accra,,,GH,,"[{'open': {'hour': 8, 'minute': 0}, 'close': {'hour': 15, 'minute': 30}}]","[{'open': {'hour': 8, 'minute': 0}, 'close': {'hour': 15, 'minute': 30}}]","[{'open': {'hour': 8, 'minute': 0}, 'close': {'hour': 15, 'minute': 30}}]","[{'open': {'hour': 8, 'minute': 0}, 'close': {'hour': 15, 'minute': 30}}]","[{'open': {'hour': 8, 'minute': 0}, 'close': {'hour': 15, 'minute': 30}}]",,open,,,
maps_search,70,70,,Achimota School,,,,,Achimota,Achimota,ChIJCWBWV-ib3w8RjW_HngHijmI,+22366767050,https://lh5.googleusercontent.com/p/AF1QipM6sQ1pAg2OHv_npoIDXljwf_4rsTnxYgg1wAgE=w426-h240-k-no,107.0,Senior high school,"['High school', 'Primary school']","['senior_high_school', 'high_school', 'primary_school']",0xfdf9be857566009:0x628ee2019ec76f8d,7101862158996565901,5.628213199999999,-0.2127761,True,,False,Max5,4.5,327.0,,15.0,9.0,14.0,54.0,235.0,Ayawaso,,Achimota,,,GH,,,,,,,,close,,,
maps_search,71,71,,Armed Forces Senior High School,,,,,Accra,Accra,ChIJV6QHF2SZ3w8RJ3svYeE9FNY,+233289510345,,,Educational institution,,['educational_institution'],0xfdf99641707a457:0xd6143de1612f7b27,15426022661858229031,5.5913683,-0.24980899999999998,True,,False,Max5,5.0,1.0,,0.0,0.0,0.0,0.0,1.0,Okaikoi South Sub-Metro,,Accra,,,GH,,"[{'open': {'hour': 8, 'minute': 0}, 'close': {'hour': 17, 'minute': 0}}]","[{'open': {'hour': 8, 'minute': 0}, 'close': {'hour': 17, 'minute': 0}}]","[{'open': {'hour': 8, 'minute': 0}, 'close': {'hour': 17, 'minute': 0}}]","[{'open': {'hour': 8, 'minute': 0}, 'close': {'hour': 17, 'minute': 0}}]","[{'open': {'hour': 8, 'minute': 0}, 'close': {'hour': 16, 'minute': 40}}]",,open,,,
maps_search,72,72,,Deco,,,,,"HRW9+6G6 J see, Accra","HRW9+6G6 J see, Accra",ChIJ6Y31VPSb3w8RyfAApqgloAc,+233263211440,https://streetviewpixels-pa.googleapis.com/v1/thumbnail?panoid=ZbNoUz4AczQB3dBnya32SQ&cb_client=search.gws-prod.gps&w=408&h=240&yaw=107.45549&pitch=0&thumbfov=100,1.0,High school,,['high_school'],0xfdf9bf454f58de9:0x7a025a8a600f0c9,549480560809013449,5.595546199999999,-0.1812373,False,,False,,,,,,,,,,Ayawaso,HRW9+6G6 J see,Accra,,,GH,,,,,,,,close,,,
maps_search,73,73,,New Star Preparatory and Junior High School,,,,,"HQXM+FV8, Accra","HQXM+FV8, Accra",ChIJAblkz8ab3w8Rjj0eUrhfrS0,,https://streetviewpixels-pa.googleapis.com/v1/thumbnail?panoid=9vbPHa5aOaCOfC8vo-xgGg&cb_client=search.gws-prod.gps&w=408&h=240&yaw=358.09134&pitch=0&thumbfov=100,1.0,School,,['school'],0xfdf9bc6cf64b901:0x2dad5fb8521e3d8e,3291392147934035342,5.5986632,-0.2153119,False,,False,Max5,5.0,1.0,,0.0,0.0,0.0,0.0,1.0,Ayawaso,HQXM+FV8,Accra,,,GH,,"[{'open': {'hour': 8, 'minute': 0}, 'close': {'hour': 15, 'minute': 0}}]","[{'open': {'hour': 8, 'minute': 0}, 'close': {'hour': 15, 'minute': 0}}]","[{'open': {'hour': 8, 'minute': 0}, 'close': {'hour': 15, 'minute': 0}}]","[{'open': {'hour': 8, 'minute': 0}, 'close': {'hour': 15, 'minute': 30}}]","[{'open': {'hour': 8, 'minute': 0}, 'close': {'hour': 14, 'minute': 0}}]",,open,,,
maps_search,74,74,,Samuel,,,,,"B100 Nii Ayikai Rd, Accra","B100 Nii Ayikai Rd, Accra",ChIJwfxhegCR3w8RtVeuLDjrejc,,,,High school,,['high_school'],0xfdf91007a61fcc1:0x377aeb382cae57b5,3997766245745055669,5.5349859,-0.2138757,False,,False,,,,,,,,,,Ashiedu Keteke,B100 Nii Ayikai Rd,Accra,,,GH,,,,,,,,close,,,
maps_search,75,75,,AMASSKO,,,,,"34 Royalt Castle Rd, Accra","34 Royalt Castle Rd, Accra",ChIJuWBZxx2b3w8RPqfENYT6PsE,+233599359984,https://lh5.googleusercontent.com/p/AF1QipNKUxehKe8GHtjOXgYNorL-rpqFYHu63FgDagoC=w408-h536-k-no,3.0,High school,,['high_school'],0xfdf9b1dc75960b9:0xc13efa8435c4a73e,13924842543620859710,5.5780867999999995,-0.2111181,False,,False,,,,,,,,,,Ayawaso,34 Royalt Castle Rd,Accra,,,GH,,,,,,,,close,,,
maps_search,76,76,knutsford-global-high-school.business.site,Knutsford Global High School,https://knutsford-global-high-school.business.site/?utm_source=gmb&utm_medium=referral,,,,"JRJR+4PW, Accra","JRJR+4PW, Accra",ChIJa5Q0EHCb3w8R2kObu09i--4,+233243474447,https://lh5.googleusercontent.com/p/AF1QipOKqMmHhe6e7wUiA5fhCZszs9b_1NWJtNEmZ1vk=w408-h272-k-no,2.0,Educational institution,,['educational_institution'],0xfdf9b701034946b:0xeefb624fbb9b43da,17220465694770676698,5.630361499999999,-0.1581835,False,,False,,,,,,,,,,Ayawaso,JRJR+4PW,Accra,,,GH,,"[{'open': {'hour': 8, 'minute': 0}, 'close': {'hour': 17, 'minute': 0}}]","[{'open': {'hour': 8, 'minute': 0}, 'close': {'hour': 17, 'minute': 0}}]","[{'open': {'hour': 8, 'minute': 0}, 'close': {'hour': 17, 'minute': 0}}]","[{'open': {'hour': 8, 'minute': 0}, 'close': {'hour': 17, 'minute': 0}}]","[{'open': {'hour': 8, 'minute': 0}, 'close': {'hour': 17, 'minute': 30}}]",,open,,,
maps_search,77,77,,Ateco Senior High School,,,,,Accra,Accra,ChIJ04f6YkeY3w8RV9w3U9NEWj8,,https://lh5.googleusercontent.com/p/AF1QipMj3R_hLkREpmS4EzM7Lxov0CmKxCUxrOMFQlY=w408-h725-k-no,3.0,Senior high school,,['senior_high_school'],0xfdf984762fa87d3:0x3f5a44d35337dc57,4565036846718377047,5.5827954,-0.27444799999999997,True,,False,Max5,2.3,3.0,,1.0,1.0,0.0,1.0,0.0,Ablekuma,,Accra,,,GH,,,,,,,,close,,,
maps_search,78,78,,Deks Senior High School,,,,,Tema,Tema,ChIJF2BnsiOZ3w8RZpWwoZMUxZE,+233244683541,,,Senior high school,,['senior_high_school'],0xfdf9923b2676017:0x91c51493a1b09566,10503824330217002342,5.5913683,-0.24980899999999998,True,,False,Max5,5.0,1.0,,0.0,0.0,0.0,0.0,1.0,Okaikoi South Sub-Metro,,Tema,,,GH,,"[{'open': {'hour': 8, 'minute': 0}, 'close': {'hour': 17, 'minute': 0}}]","[{'open': {'hour': 8, 'minute': 0}, 'close': {'hour': 17, 'minute': 0}}]","[{'open': {'hour': 8, 'minute': 0}, 'close': {'hour': 17, 'minute': 0}}]","[{'open': {'hour': 8, 'minute': 0}, 'close': {'hour': 17, 'minute': 0}}]","[{'open': {'hour': 8, 'minute': 0}, 'close': {'hour': 17, 'minute': 0}}]",,open,,,
maps_search,79,79,,Akwamuman Senior High School,,,,,"Asuogyaman-Atimpoku Rd, Kpong, Accra","Asuogyaman-Atimpoku Rd, Kpong, Accra",ChIJ97VCWISZ3w8RdtwWfBm9g_8,+233343020240,https://lh5.googleusercontent.com/p/AF1QipOn_pQT-jgPgLOZaZpu2Vs__uvoqzBd_LEP0Poi=w533-h240-k-no,2.0,Educational institution,,['educational_institution'],0xfdf99845842b5f7:0xff83bd197c16dc76,18411767618774424694,5.5913683,-0.24980899999999998,True,,False,Max5,4.0,1.0,,0.0,0.0,0.0,1.0,0.0,Okaikoi South Sub-Metro,"Asuogyaman-Atimpoku Rd, Kpong",Accra,,,GH,,"[{'open': {'hour': 8, 'minute': 0}, 'close': {'hour': 17, 'minute': 0}}]","[{'open': {'hour': 8, 'minute': 0}, 'close': {'hour': 17, 'minute': 0}}]","[{'open': {'hour': 8, 'minute': 0}, 'close': {'hour': 17, 'minute': 0}}]","[{'open': {'hour': 8, 'minute': 0}, 'close': {'hour': 17, 'minute': 0}}]","[{'open': {'hour': 8, 'minute': 0}, 'close': {'hour': 17, 'minute': 0}}]",,open,,,
maps_search,80,80,,Zongo,,,,,"plot 7 Osu La Crescent, Accra","plot 7 Osu La Crescent, Accra",ChIJnclcdZCR3w8RC3pRypkIVDI,,https://streetviewpixels-pa.googleapis.com/v1/thumbnail?panoid=sddvExb4H4mU_O7ovKkO-g&cb_client=search.gws-prod.gps&w=408&h=240&yaw=36.360218&pitch=0&thumbfov=100,1.0,High school,,['high_school'],0xfdf9190755cc99d:0x32540899ca517a0b,3626533056557447691,5.5610427,-0.1717667,False,,False,,,,,,,,,,Kpeshie,plot 7 Osu La Crescent,Accra,,,GH,,,,,,,,close,,,
maps_search,81,81,,Notre Dame Senior High School,,,,,"Navrongo, Accra","Navrongo, Accra",ChIJ69oh3LuZ3w8R8Yq6xef0GC4,+233382122714,,,Educational institution,,['educational_institution'],0xfdf99bbdc21daeb:0x2e18f4e7c5ba8af1,3321674001477700337,5.5913683,-0.24980899999999998,True,,False,,,,,,,,,,Okaikoi South Sub-Metro,Navrongo,Accra,,,GH,,"[{'open': {'hour': 8, 'minute': 0}, 'close': {'hour': 17, 'minute': 0}}]","[{'open': {'hour': 8, 'minute': 0}, 'close': {'hour': 17, 'minute': 0}}]","[{'open': {'hour': 8, 'minute': 0}, 'close': {'hour': 17, 'minute': 0}}]","[{'open': {'hour': 8, 'minute': 0}, 'close': {'hour': 17, 'minute': 0}}]","[{'open': {'hour': 8, 'minute': 0}, 'close': {'hour': 17, 'minute': 0}}]",,open,,,
maps_search,82,82,,Ancilla Primary & Junior High School,,,,,"Near Top Harbal Clinic, Haatso, Accra","Near Top Harbal Clinic, Haatso, Accra",ChIJV4CG-TeZ3w8RvR711M0Qz-E,+233209200423,,,Educational institution,,['educational_institution'],0xfdf9937f9868057:0xe1cf10cdd4f51ebd,16271242454940065469,5.5913683,-0.24980899999999998,True,,False,,,,,,,,,,Okaikoi South Sub-Metro,"Near Top Harbal Clinic, Haatso",Accra,,,GH,,"[{'open': {'hour': 8, 'minute': 0}, 'close': {'hour': 17, 'minute': 0}}]","[{'open': {'hour': 8, 'minute': 0}, 'close': {'hour': 17, 'minute': 0}}]","[{'open': {'hour': 8, 'minute': 0}, 'close': {'hour': 17, 'minute': 0}}]","[{'open': {'hour': 8, 'minute': 0}, 'close': {'hour': 17, 'minute': 0}}]","[{'open': {'hour': 8, 'minute': 0}, 'close': {'hour': 17, 'minute': 0}}]",,open,,,
maps_search,83,83,,Jema Senior High School,,,,,"Jema, Accra","Jema, Accra",ChIJBdwrMFmZ3w8RAR-UDAG4qOA,+233352028607,,,Educational institution,,['educational_institution'],0xfdf9959302bdc05:0xe0a8b8010c941f01,16188391175228759809,5.5913683,-0.24980899999999998,True,,False,,,,,,,,,,Okaikoi South Sub-Metro,Jema,Accra,,,GH,,"[{'open': {'hour': 8, 'minute': 0}, 'close': {'hour': 17, 'minute': 0}}]","[{'open': {'hour': 8, 'minute': 0}, 'close': {'hour': 17, 'minute': 0}}]","[{'open': {'hour': 8, 'minute': 0}, 'close': {'hour': 17, 'minute': 0}}]","[{'open': {'hour': 8, 'minute': 0}, 'close': {'hour': 17, 'minute': 0}}]","[{'open': {'hour': 8, 'minute': 0}, 'close': {'hour': 17, 'minute': 0}}]",,open,,,
maps_search,84,84,,Kas Senior High School,,,,,"GQW4+57G, 5th Sakuma, Accra","GQW4+57G, 5th Sakuma, Accra",ChIJ4zj2GGqX3w8Rlq2DBPb9x0A,+233245197501,https://streetviewpixels-pa.googleapis.com/v1/thumbnail?panoid=NTf1dhFwHcZTFPTiwcEGIA&cb_client=search.gws-prod.gps&w=408&h=240&yaw=94.13477&pitch=0&thumbfov=100,1.0,School,,['school'],0xfdf976a18f638e3:0x40c7fdf60483ad96,4667978771872329110,5.545440999999999,-0.244306,False,,False,Max5,5.0,3.0,,0.0,0.0,0.0,0.0,3.0,Ablekuma,"GQW4+57G, 5th Sakuma",Accra,,,GH,,,,,,,,close,,,
maps_search,85,85,,Mpraeso Senior High School,,,,,"Mpraeso, Accra","Mpraeso, Accra",ChIJZ8Rq37KZ3w8Rb9Qugjke3sM,+233342322027,,,Educational institution,,['educational_institution'],0xfdf99b2df6ac467:0xc3de1e39822ed46f,14113751514571789423,5.5913683,-0.24980899999999998,True,,False,,,,,,,,,,Okaikoi South Sub-Metro,Mpraeso,Accra,,,GH,,"[{'open': {'hour': 8, 'minute': 0}, 'close': {'hour': 17, 'minute': 0}}]","[{'open': {'hour': 8, 'minute': 0}, 'close': {'hour': 17, 'minute': 0}}]","[{'open': {'hour': 8, 'minute': 0}, 'close': {'hour': 17, 'minute': 0}}]","[{'open': {'hour': 8, 'minute': 0}, 'close': {'hour': 17, 'minute': 0}}]","[{'open': {'hour': 8, 'minute': 0}, 'close': {'hour': 17, 'minute': 0}}]",,open,,,
maps_search,86,86,,Collins Senior High School,,,,,"Agogo, Accra","Agogo, Accra",ChIJfUPZx8SZ3w8RxDyaMz-ZHg0,+233240205642,https://lh5.googleusercontent.com/p/AF1QipMtFpSu_s4wItiiH-U9Aoo205SqLrrwmMHKRbQ=w426-h240-k-no,1.0,Educational institution,,['educational_institution'],0xfdf99c4c7d9437d:0xd1e993f339a3cc4,945361468522118340,5.5913683,-0.24980899999999998,True,,False,Max5,4.8,4.0,,0.0,0.0,0.0,1.0,3.0,Okaikoi South Sub-Metro,Agogo,Accra,,,GH,,"[{'open': {'hour': 8, 'minute': 0}, 'close': {'hour': 17, 'minute': 0}}]","[{'open': {'hour': 8, 'minute': 0}, 'close': {'hour': 17, 'minute': 0}}]","[{'open': {'hour': 8, 'minute': 0}, 'close': {'hour': 17, 'minute': 0}}]","[{'open': {'hour': 8, 'minute': 0}, 'close': {'hour': 17, 'minute': 0}}]","[{'open': {'hour': 8, 'minute': 0}, 'close': {'hour': 17, 'minute': 0}}]",,open,,,
maps_search,87,87,,AMERICAN INTERNATIONAL HIGH SCHOOL CAMPUS,,,,,"JRPP+X9M, Kinshasa St, Accra","JRPP+X9M, Kinshasa St, Accra",ChIJKUhOlReb3w8RQkjrvZHVYTg,,https://lh5.googleusercontent.com/p/AF1QipP2_NfoH2GXhdtC7C25J7SbzfTdQ0O7ICdpyb5u=w408-h725-k-no,,Middle school,,['middle_school'],0xfdf9b17954e4829:0x3861d591bdeb4842,4062763160798185538,5.6374656,-0.1640924,False,,False,Max5,5.0,1.0,,0.0,0.0,0.0,0.0,1.0,Ayawaso,"JRPP+X9M, Kinshasa St",Accra,,,GH,,,,,,,,close,,,
maps_search,88,88,,Akwasiho,,,,,"JR37+F6M, Accra","JR37+F6M, Accra",ChIJu6XigxCb3w8RykCMLAG8R0U,,https://streetviewpixels-pa.googleapis.com/v1/thumbnail?panoid=-wSB9ihA08M62sGXOKwORA&cb_client=search.gws-prod.gps&w=408&h=240&yaw=105.45543&pitch=0&thumbfov=100,1.0,High school,,['high_school'],0xfdf9b1083e2a5bb:0x4547bc012c8c40ca,4992165425191862474,5.6037003,-0.186964,False,,False,,,,,,,,,,Ayawaso,JR37+F6M,Accra,,,GH,,,,,,,,close,,,
maps_search,89,89,,Oyoko Methodist Senior High School,,,,,Accra,Accra,ChIJBVVn2f6Z3w8REkgrXvgZ1zQ,+233277586059,,,Educational institution,,['educational_institution'],0xfdf99fed9675505:0x34d719f85e2b4812,3807540564487522322,5.5913683,-0.24980899999999998,True,,False,Max5,4.0,1.0,,0.0,0.0,0.0,1.0,0.0,Okaikoi South Sub-Metro,,Accra,,,GH,,"[{'open': {'hour': 8, 'minute': 0}, 'close': {'hour': 17, 'minute': 0}}]","[{'open': {'hour': 8, 'minute': 0}, 'close': {'hour': 17, 'minute': 0}}]","[{'open': {'hour': 8, 'minute': 0}, 'close': {'hour': 17, 'minute': 0}}]","[{'open': {'hour': 8, 'minute': 0}, 'close': {'hour': 17, 'minute': 0}}]","[{'open': {'hour': 8, 'minute': 0}, 'close': {'hour': 17, 'minute': 0}}]",,open,,,
maps_search,90,90,,Mankessim Senior High School,,,,,"Mankessim, Accra","Mankessim, Accra",ChIJKycxZUuZ3w8R_6xU1Ue-EeM,+233332133953,,,Educational institution,,['educational_institution'],0xfdf994b6531272b:0xe311be47d554acff,16362068136944774399,5.5913683,-0.24980899999999998,True,,False,,,,,,,,,,Okaikoi South Sub-Metro,Mankessim,Accra,,,GH,,"[{'open': {'hour': 8, 'minute': 0}, 'close': {'hour': 17, 'minute': 0}}]","[{'open': {'hour': 8, 'minute': 0}, 'close': {'hour': 17, 'minute': 0}}]","[{'open': {'hour': 8, 'minute': 0}, 'close': {'hour': 17, 'minute': 0}}]","[{'open': {'hour': 8, 'minute': 0}, 'close': {'hour': 17, 'minute': 0}}]","[{'open': {'hour': 8, 'minute': 0}, 'close': {'hour': 17, 'minute': 0}}]",,open,,,
maps_search,91,91,,Bolgatanga Senior Secondary School,,,,,"Bolgatanga, Accra","Bolgatanga, Accra",ChIJRbFF2yCZ3w8RYCtpEF2F17o,+233382022269,https://lh5.googleusercontent.com/p/AF1QipPHpPXr3PAOBg9qfdUFCGuDG0XeRzSkCrYAtSxi=w408-h544-k-no,3.0,Senior high school,,['senior_high_school'],0xfdf9920db45b145:0xbad7855d10692b60,13463376245801167712,5.5913683,-0.24980899999999998,True,,False,Max5,4.3,3.0,,0.0,0.0,1.0,0.0,2.0,Okaikoi South Sub-Metro,Bolgatanga,Accra,,,GH,,"[{'open': {'hour': 8, 'minute': 0}, 'close': {'hour': 17, 'minute': 0}}]","[{'open': {'hour': 8, 'minute': 0}, 'close': {'hour': 17, 'minute': 0}}]","[{'open': {'hour': 8, 'minute': 0}, 'close': {'hour': 17, 'minute': 0}}]","[{'open': {'hour': 8, 'minute': 0}, 'close': {'hour': 17, 'minute': 0}}]","[{'open': {'hour': 8, 'minute': 0}, 'close': {'hour': 17, 'minute': 0}}]",,open,,,
maps_search,92,92,,Adonten Secondary School,,,,,"Aburi, Accra","Aburi, Accra",ChIJ5Ra4IzWZ3w8R1MDwKeLc9Ew,+233548635858,,,Senior high school,,['senior_high_school'],0xfdf993523b816e5:0x4cf4dce229f0c0d4,5545299905124286676,5.5913683,-0.24980899999999998,True,,False,Max5,5.0,3.0,,0.0,0.0,0.0,0.0,3.0,Okaikoi South Sub-Metro,Aburi,Accra,,,GH,,"[{'open': {'hour': 8, 'minute': 0}, 'close': {'hour': 17, 'minute': 0}}]","[{'open': {'hour': 8, 'minute': 0}, 'close': {'hour': 17, 'minute': 0}}]","[{'open': {'hour': 8, 'minute': 0}, 'close': {'hour': 17, 'minute': 0}}]","[{'open': {'hour': 8, 'minute': 0}, 'close': {'hour': 17, 'minute': 0}}]","[{'open': {'hour': 8, 'minute': 0}, 'close': {'hour': 17, 'minute': 0}}]",,open,,,
maps_search,93,93,,Nigo,,,,,"JR37+F6M, Accra","JR37+F6M, Accra",ChIJzVp6hB-b3w8R1RUoQaZA0lA,,https://streetviewpixels-pa.googleapis.com/v1/thumbnail?panoid=-wSB9ihA08M62sGXOKwORA&cb_client=search.gws-prod.gps&w=408&h=240&yaw=105.45543&pitch=0&thumbfov=100,1.0,High school,,['high_school'],0xfdf9b1f847a5acd:0x50d240a6412815d5,5823788350945367509,5.6037003,-0.186964,False,,False,,,,,,,,,,Ayawaso,JR37+F6M,Accra,,,GH,,,,,,,,close,,,
maps_search,94,94,wesleygrammarschool.website2.me,Wesley Grammar School,http://wesleygrammarschool.website2.me/,,,,"JR37+F6V, wesley street, Accra","JR37+F6V, wesley street, Accra",ChIJQXR4rDqb3w8RI8EwcDwGc8g,+233276804332,https://streetviewpixels-pa.googleapis.com/v1/thumbnail?panoid=-wSB9ihA08M62sGXOKwORA&cb_client=search.gws-prod.gps&w=408&h=240&yaw=91.957184&pitch=0&thumbfov=100,1.0,Senior high school,,['senior_high_school'],0xfdf9b3aac787441:0xc873063c7030c123,14443895286557360419,5.6037379,-0.18695789999999998,False,,False,Max5,5.0,1.0,,0.0,0.0,0.0,0.0,1.0,Ayawaso,"JR37+F6V, wesley street",Accra,,,GH,,,,,,,,close,,,
maps_search,95,95,,Mckeown Senior High School,,,,,"Abednego Junction Atasomanso New Site, Ashanti, Accra","Abednego Junction Atasomanso New Site, Ashanti, Accra",ChIJ48OxoMiZ3w8R5a98BGoeaMw,+233244844262,,,Educational institution,,['educational_institution'],0xfdf99c8a0b1c3e3:0xcc681e6a047cafe5,14729056022005854181,5.5913683,-0.24980899999999998,True,,False,,,,,,,,,,Okaikoi South Sub-Metro,"Abednego Junction Atasomanso New Site, Ashanti",Accra,,,GH,,"[{'open': {'hour': 8, 'minute': 0}, 'close': {'hour': 17, 'minute': 0}}]","[{'open': {'hour': 8, 'minute': 0}, 'close': {'hour': 17, 'minute': 0}}]","[{'open': {'hour': 8, 'minute': 0}, 'close': {'hour': 17, 'minute': 0}}]","[{'open': {'hour': 8, 'minute': 0}, 'close': {'hour': 17, 'minute': 0}}]","[{'open': {'hour': 8, 'minute': 0}, 'close': {'hour': 17, 'minute': 0}}]",,open,,,
maps_search,96,96,,Adventist Senior High School,,,,,"Western By-Pass Rd, Kumasi, Accra","Western By-Pass Rd, Kumasi, Accra",ChIJV60q-8yZ3w8R-KXauouz9xs,+233542467268,,,Educational institution,,['educational_institution'],0xfdf99ccfb2aad57:0x1bf7b38bbadaa5f8,2015276770988303864,5.5913683,-0.24980899999999998,True,,False,Max5,5.0,1.0,,0.0,0.0,0.0,0.0,1.0,Okaikoi South Sub-Metro,"Western By-Pass Rd, Kumasi",Accra,,,GH,,"[{'open': {'hour': 8, 'minute': 0}, 'close': {'hour': 17, 'minute': 0}}]","[{'open': {'hour': 8, 'minute': 0}, 'close': {'hour': 17, 'minute': 0}}]","[{'open': {'hour': 8, 'minute': 0}, 'close': {'hour': 17, 'minute': 0}}]","[{'open': {'hour': 8, 'minute': 0}, 'close': {'hour': 17, 'minute': 0}}]","[{'open': {'hour': 8, 'minute': 0}, 'close': {'hour': 17, 'minute': 0}}]",,open,,,
maps_search,97,97,,Chiraa Senior High School,,,,,"Sunyani - Wenchi Road, Chira, Accra","Sunyani - Wenchi Road, Chira, Accra",ChIJkyK1YuWZ3w8R-GknDc6XWO8,+233243117514,https://lh5.googleusercontent.com/p/AF1QipO6WjeHTL_4cmwi2iNO3_qBXQpimRRdiB50ja4w=w408-h368-k-no,1.0,Educational institution,,['educational_institution'],0xfdf99e562b52293:0xef5897ce0d2769f8,17246701684255058424,5.5913683,-0.24980899999999998,True,,False,Max5,5.0,1.0,,0.0,0.0,0.0,0.0,1.0,Okaikoi South Sub-Metro,"Sunyani - Wenchi Road, Chira",Accra,,,GH,,"[{'open': {'hour': 8, 'minute': 0}, 'close': {'hour': 17, 'minute': 0}}]","[{'open': {'hour': 8, 'minute': 0}, 'close': {'hour': 17, 'minute': 0}}]","[{'open': {'hour': 8, 'minute': 0}, 'close': {'hour': 17, 'minute': 0}}]","[{'open': {'hour': 8, 'minute': 0}, 'close': {'hour': 17, 'minute': 0}}]","[{'open': {'hour': 8, 'minute': 0}, 'close': {'hour': 17, 'minute': 0}}]",,open,,,
maps_search,98,98,,Half Assini Senior High School,,,,,"Half Assini, Accra","Half Assini, Accra",ChIJDyXoRs6Z3w8R6CY-5zSKsT8,+233312024314,https://lh5.googleusercontent.com/p/AF1QipPSL3jIjLaXFkup7mUW9Zto6Q4jC77yXmnE3Lp-=w408-h725-k-no,4.0,Educational institution,,['educational_institution'],0xfdf99ce46e8250f:0x3fb18a34e73e26e8,4589601455089788648,5.5913683,-0.24980899999999998,True,,False,Max5,5.0,2.0,,0.0,0.0,0.0,0.0,2.0,Okaikoi South Sub-Metro,Half Assini,Accra,,,GH,,"[{'open': {'hour': 8, 'minute': 0}, 'close': {'hour': 17, 'minute': 0}}]","[{'open': {'hour': 8, 'minute': 0}, 'close': {'hour': 17, 'minute': 0}}]","[{'open': {'hour': 8, 'minute': 0}, 'close': {'hour': 17, 'minute': 0}}]","[{'open': {'hour': 8, 'minute': 0}, 'close': {'hour': 17, 'minute': 0}}]","[{'open': {'hour': 8, 'minute': 0}, 'close': {'hour': 17, 'minute': 0}}]",,open,,,
maps_search,99,99,,Nalerigu Senior High School,,,,,"Nalerigu, Accra","Nalerigu, Accra",ChIJZfsO8O-Z3w8RXaumtkRMBV8,+233372026688,https://lh5.googleusercontent.com/p/AF1QipPnjwoDwIsWBHs2_b1A69JpKYhgso8c0SD3D7cv=w408-h720-k-no,,Educational institution,,['educational_institution'],0xfdf99eff00efb65:0x5f054c44b6a6ab5d,6846962666492570461,5.5913683,-0.24980899999999998,True,,False,Max5,4.0,1.0,,0.0,0.0,0.0,1.0,0.0,Okaikoi South Sub-Metro,Nalerigu,Accra,,,GH,,"[{'open': {'hour': 8, 'minute': 0}, 'close': {'hour': 17, 'minute': 0}}]","[{'open': {'hour': 8, 'minute': 0}, 'close': {'hour': 17, 'minute': 0}}]","[{'open': {'hour': 8, 'minute': 0}, 'close': {'hour': 17, 'minute': 0}}]","[{'open': {'hour': 8, 'minute': 0}, 'close': {'hour': 17, 'minute': 0}}]","[{'open': {'hour': 8, 'minute': 0}, 'close': {'hour': 17, 'minute': 0}}]",,open,,,
maps_search,100,100,thevgs.edu.gh,The Victoria Grammar School,http://thevgs.edu.gh/,http://thevgs.edu.gh/book-a-tour/,,,"8 Saflo Link, Accra","8 Saflo Link, Accra",ChIJ70dIR9Cb3w8R6lPDrkJ-sJM,+233544535965,https://lh5.googleusercontent.com/p/AF1QipPYye4ygsbiyID6klkDJjga11eOhAnahWZGmYVt=w488-h240-k-no,18.0,High school,"['Education center', 'International school', 'Higher secondary school', 'Nursery school', 'Preschool', 'Primary school', 'School']","['high_school', 'education_center', 'international_school', 'higher_secondary_school', 'nursery_school', 'preschool', 'primary_school', 'school']",0xfdf9bd0474847ef:0x93b07e42aec353ea,10642144744341459946,5.6127385,-0.21673579999999998,True,,False,Max5,4.7,19.0,,1.0,0.0,0.0,2.0,16.0,Ayawaso,8 Saflo Link,Accra,,,GH,,"[{'open': {'hour': 7, 'minute': 30}, 'close': {'hour': 16, 'minute': 30}}]","[{'open': {'hour': 7, 'minute': 30}, 'close': {'hour': 16, 'minute': 30}}]","[{'open': {'hour': 7, 'minute': 30}, 'close': {'hour': 16, 'minute': 30}}]","[{'open': {'hour': 7, 'minute': 30}, 'close': {'hour': 16, 'minute': 30}}]","[{'open': {'hour': 7, 'minute': 30}, 'close': {'hour': 16, 'minute': 30}}]",,open,,,
